Title,URL,numTerms
"CPA","https://quizlet.com/297514978/cpa-flash-cards/",860
"cpa","https://quizlet.com/au/506885170/cpa-flash-cards/",257
"CPA","https://quizlet.com/142164453/cpa-flash-cards/",274
"CPA Exam - FAR","https://quizlet.com/7773093/cpa-exam-far-flash-cards/",84
"CPA Ethics Exam","https://quizlet.com/210040094/cpa-ethics-exam-flash-cards/",171
"cpa","https://quizlet.com/34102535/cpa-flash-cards/",10
"CPA- Audit","https://quizlet.com/pl/280986497/cpa-audit-flash-cards/",296
"BEC CPA","https://quizlet.com/344556957/bec-cpa-flash-cards/",249
"Chapter 21 CPA","https://quizlet.com/269914713/chapter-21-cpa-flash-cards/",10
"Chapter 8 CPA","https://quizlet.com/269676550/chapter-8-cpa-flash-cards/",14
"Becker CPA Mnemonics","https://quizlet.com/12290875/becker-cpa-mnemonics-flash-cards/",16
"Chapter 6 CPA","https://quizlet.com/269666437/chapter-6-cpa-flash-cards/",9
"CPA Questions Exam 3","https://quizlet.com/206698194/cpa-questions-exam-3-flash-cards/",33
"CPA Exam - Auditing (in progress)","https://quizlet.com/190171448/cpa-exam-auditing-in-progress-flash-cards/",7
"REG CPA","https://quizlet.com/1850478/reg-cpa-flash-cards/",59
"FAR CPA","https://quizlet.com/118352465/far-cpa-flash-cards/",208
"CPA BEC Formulas","https://quizlet.com/210948031/cpa-bec-formulas-flash-cards/",109
"3141 CPA questions","https://quizlet.com/9734745/3141-cpa-questions-flash-cards/",33
"CPA REG","https://quizlet.com/209220865/cpa-reg-flash-cards/",329
"CPA BOARD QUESTIONS - Theory of Accounts","https://quizlet.com/ph/45218338/cpa-board-questions-theory-of-accounts-flash-cards/",100
"Chapter 19 - CPA Questions","https://quizlet.com/78899960/chapter-19-cpa-questions-flash-cards/",35
"Audit CPA Prep","https://quizlet.com/304647159/audit-cpa-prep-flash-cards/",103
"CPA Practice Exam","https://quizlet.com/395520779/cpa-practice-exam-flash-cards/",104
"CPA CFE","https://quizlet.com/ca/515747903/cpa-cfe-flash-cards/",114
"CPA FARE 5","https://quizlet.com/4523847/cpa-fare-5-flash-cards/",37
"CPA","https://quizlet.com/411842519/cpa-flash-cards/",864
"Acctg 5110 CPA #6","https://quizlet.com/304458984/acctg-5110-cpa-6-flash-cards/",5
"FAR CPA","https://quizlet.com/161758727/far-cpa-flash-cards/",325
"CPA Unit 10","https://quizlet.com/284411591/cpa-unit-10-flash-cards/",16
"CPA questions","https://quizlet.com/428613177/cpa-questions-flash-cards/",13
"Chapter 14 CPA Questions","https://quizlet.com/337905067/chapter-14-cpa-questions-flash-cards/",6
"BEC CPA Exam Review","https://quizlet.com/514825707/bec-cpa-exam-review-flash-cards/",160
"CPA Reg 9","https://quizlet.com/79782305/cpa-reg-9-flash-cards/",30
"CPA","https://quizlet.com/180095291/cpa-flash-cards/",32
"Ethics for CPAs","https://quizlet.com/730402088/ethics-for-cpas-flash-cards/",20
"CPA - BEC 2","https://quizlet.com/11825580/cpa-bec-2-flash-cards/",12
"CPA Unit 1 Review","https://quizlet.com/147832637/cpa-unit-1-review-flash-cards/",27
"CPA Audit - Cash","https://quizlet.com/ph/6088102/cpa-audit-cash-flash-cards/",10
"Topic 12- CPA","https://quizlet.com/514472486/topic-12-cpa-flash-cards/",5
"CPA Questions #1","https://quizlet.com/14437665/cpa-questions-1-flash-cards/",85
"Regulation CPA Module 24","https://quizlet.com/16569570/regulation-cpa-module-24-flash-cards/",45
"CPA","https://quizlet.com/210020934/cpa-flash-cards/",210
"AUD CPA Glossary","https://quizlet.com/515083835/aud-cpa-glossary-flash-cards/",78
"CPA Audit","https://quizlet.com/44239421/cpa-audit-flash-cards/",33
"CPA Physical Science ch 3","https://quizlet.com/13826962/cpa-physical-science-ch-3-flash-cards/",26
"CPA REVIEW EXAM #6","https://quizlet.com/60203794/cpa-review-exam-6-flash-cards/",153
"CPA Exam AUD","https://quizlet.com/601509038/cpa-exam-aud-flash-cards/",36
"CPA Final Exam Questions","https://quizlet.com/16660612/cpa-final-exam-questions-flash-cards/",74
"CPA","https://quizlet.com/159625101/cpa-flash-cards/",401
"Audit CPA Quiz 4","https://quizlet.com/343507838/audit-cpa-quiz-4-flash-cards/",85
"F4 CPA","https://quizlet.com/87559548/f4-cpa-flash-cards/",33
"IFRS CPA EXAM","https://quizlet.com/100345899/ifrs-cpa-exam-flash-cards/",63
"CPA 4 Asset Classes","https://quizlet.com/692920856/cpa-4-asset-classes-flash-cards/",11
"Audit CPA Exam","https://quizlet.com/87516158/audit-cpa-exam-flash-cards/",144
"CPA CH17","https://quizlet.com/289307723/cpa-ch17-flash-cards/",8
"CPA","https://quizlet.com/263149138/cpa-flash-cards/",141
"CPA Exam","https://quizlet.com/376524394/cpa-exam-flash-cards/",144
"CPA Q's","https://quizlet.com/124718881/cpa-qs-flash-cards/",40
"CPA Week 1","https://quizlet.com/366907954/cpa-week-1-flash-cards/",47
"CPA","https://quizlet.com/239503621/cpa-flash-cards/",66
"BEC CPA Exam","https://quizlet.com/147327052/bec-cpa-exam-flash-cards/",48
"AICPA - CPA Reg 2017 Questions","https://quizlet.com/233671797/aicpa-cpa-reg-2017-questions-flash-cards/",40
"FAR CPA Review","https://quizlet.com/11004631/far-cpa-review-flash-cards/",46
"CPA- Audit","https://quizlet.com/414831473/cpa-audit-flash-cards/",296
"CPA Exam REG","https://quizlet.com/601652553/cpa-exam-reg-flash-cards/",38
"TAX- per TOS - iCPA","https://quizlet.com/ph/151867289/tax-per-tos-icpa-flash-cards/",35
"chapter 4 cpas","https://quizlet.com/155919817/chapter-4-cpas-flash-cards/",17
"CPA 3","https://quizlet.com/577794593/cpa-3-flash-cards/",8
"CPA Reg (Agency)","https://quizlet.com/5788973/cpa-reg-agency-flash-cards/",14
"CPA","https://quizlet.com/258923581/cpa-flash-cards/",244
"CPA - FAR - Consolidation at Acquisition","https://quizlet.com/332660406/cpa-far-consolidation-at-acquisition-flash-cards/",8
"AUD - CPA Exam - Auditing With Technology","https://quizlet.com/145402022/aud-cpa-exam-auditing-with-technology-flash-cards/",31
"CPA - FAR","https://quizlet.com/314605824/cpa-far-flash-cards/",860
"CPA Exam BEC","https://quizlet.com/601673163/cpa-exam-bec-flash-cards/",32
"F3 CPA","https://quizlet.com/87403144/f3-cpa-flash-cards/",35
"Exam 1 CPA Questions","https://quizlet.com/189737482/exam-1-cpa-questions-flash-cards/",100
"CPA","https://quizlet.com/290201822/cpa-flash-cards/",15
"CPA REG","https://quizlet.com/568736057/cpa-reg-flash-cards/",83
"CPA Conceptual","https://quizlet.com/469160379/cpa-conceptual-flash-cards/",116
"Topic 5- CPA","https://quizlet.com/514469482/topic-5-cpa-flash-cards/",5
"CPA: FAR: Ratios","https://quizlet.com/1503673/cpa-far-ratios-flash-cards/",18
"ACCT - Chapter 17 (CPA)","https://quizlet.com/377722094/acct-chapter-17-cpa-flash-cards/",9
"AUD - CPA Exam - Accounting and Review Services","https://quizlet.com/145313979/aud-cpa-exam-accounting-and-review-services-flash-cards/",108
"CPA & CMA CH. 5","https://quizlet.com/100288576/cpa-cma-ch-5-flash-cards/",9
"CPA Questions for Test #3","https://quizlet.com/236418215/cpa-questions-for-test-3-flash-cards/",33
"CPA Spanish 1 ¿Qué tiempo hace?","https://quizlet.com/29587396/cpa-spanish-1-que-tiempo-hace-flash-cards/",15
"AUD - CPA Exam - Professional Responsibilities","https://quizlet.com/145492638/aud-cpa-exam-professional-responsibilities-flash-cards/",120
"CPA::FAR","https://quizlet.com/196252152/cpafar-flash-cards/",367
"Midterm 1: CPA Questions","https://quizlet.com/422726088/midterm-1-cpa-questions-flash-cards/",104
"CPA Exam - Aud","https://quizlet.com/6071086/cpa-exam-aud-flash-cards/",126
"CPAS accounting definitions","https://quizlet.com/ph/77876290/cpas-accounting-definitions-flash-cards/",48
"CPA Pre-Test (Business Law)","https://quizlet.com/501078751/cpa-pre-test-business-law-flash-cards/",25
"51-102 THE CPA'S PROFESSIONAL RESPONSIBILITIES","https://quizlet.com/ph/376369521/51-102-the-cpas-professional-responsibilities-flash-cards/",50
"AUD CPA Guidance","https://quizlet.com/536553139/aud-cpa-guidance-flash-cards/",23
"CPA Exam Review","https://quizlet.com/124102752/cpa-exam-review-flash-cards/",42
"CPA CH16","https://quizlet.com/289305024/cpa-ch16-flash-cards/",5
"CPA (BEC)","https://quizlet.com/218939149/cpa-bec-flash-cards/",338
"Carpentry CPAS","https://quizlet.com/40961109/carpentry-cpas-flash-cards/",24
"CPA - FAR","https://quizlet.com/379155689/cpa-far-flash-cards/",172
"FAR CPA","https://quizlet.com/190028029/far-cpa-flash-cards/",256
"CPA BEC Economics","https://quizlet.com/191761417/cpa-bec-economics-flash-cards/",6
"BEC CPA","https://quizlet.com/216270937/bec-cpa-flash-cards/",221
"ANW2(C) & CPA","https://quizlet.com/220264315/anw2c-cpa-flash-cards/",23
"CPA Excel Tax Questions","https://quizlet.com/442057034/cpa-excel-tax-questions-flash-cards/",55
"CPA Questions","https://quizlet.com/541712223/cpa-questions-flash-cards/",34
"CPA (BEC)","https://quizlet.com/144940375/cpa-bec-flash-cards/",338
"CPA & CMA Ch. 6","https://quizlet.com/100277852/cpa-cma-ch-6-flash-cards/",9
"CPA","https://quizlet.com/88192893/cpa-flash-cards/",79
"Core 1 - CPA","https://quizlet.com/ca/281831742/core-1-cpa-flash-cards/",56
"CPA 1","https://quizlet.com/126416517/cpa-1-flash-cards/",37
"CPA Exam 2","https://quizlet.com/129322667/cpa-exam-2-flash-cards/",85
"Cpas Business","https://quizlet.com/133433613/cpas-business-flash-cards/",111
"CPA","https://quizlet.com/244310025/cpa-flash-cards/",38
"CPA AUD","https://quizlet.com/382007050/cpa-aud-flash-cards/",100
"AUDIT CPA","https://quizlet.com/25123841/audit-cpa-flash-cards/",182
"CPA 3, The Richest Man in Babylon","https://quizlet.com/759711609/cpa-3-the-richest-man-in-babylon-flash-cards/",10
"CPA","https://quizlet.com/cn/466572375/cpa-flash-cards/",45
"Accounting Chapter 8 CPA","https://quizlet.com/441703259/accounting-chapter-8-cpa-flash-cards/",13
"CPA - BEC","https://quizlet.com/129493165/cpa-bec-flash-cards/",54
"CPA 2017","https://quizlet.com/213432384/cpa-2017-flash-cards/",21
"Chapter 14 BEC CPA","https://quizlet.com/5830199/chapter-14-bec-cpa-flash-cards/",64
"AUD - CPA Exam - Audit Sampling","https://quizlet.com/145404717/aud-cpa-exam-audit-sampling-flash-cards/",54
"CPA - TAXATION","https://quizlet.com/172443015/cpa-taxation-flash-cards/",95
"CPA Reg #4","https://quizlet.com/217264839/cpa-reg-4-flash-cards/",20
"FAR CPA","https://quizlet.com/544000177/far-cpa-flash-cards/",325
"FAR CPA F8","https://quizlet.com/515583840/far-cpa-f8-flash-cards/",8
"CPA FE","https://quizlet.com/416196639/cpa-fe-flash-cards/",5
"Chapter 15 CPA Questions","https://quizlet.com/337909521/chapter-15-cpa-questions-flash-cards/",6
"CPA Reg#17","https://quizlet.com/232779315/cpa-reg17-flash-cards/",20
"IFRS CPA EXAM #1","https://quizlet.com/331722727/ifrs-cpa-exam-1-flash-cards/",34
"CH. 1 CPA and CMA","https://quizlet.com/112155349/ch-1-cpa-and-cma-flash-cards/",13
"CPA BEC","https://quizlet.com/300196818/cpa-bec-flash-cards/",863
"CPA Exam - Auditing","https://quizlet.com/139552658/cpa-exam-auditing-flash-cards/",50
"GENB CPA 49.1","https://quizlet.com/393115938/genb-cpa-491-flash-cards/",13
"Accounting 3512- CPA Exam 17","https://quizlet.com/354254800/accounting-3512-cpa-exam-17-flash-cards/",55
"BEC CPA Exam Notes","https://quizlet.com/110464914/bec-cpa-exam-notes-flash-cards/",259
"CPA - Final","https://quizlet.com/137954205/cpa-final-flash-cards/",174
"Chapter 6 CPA","https://quizlet.com/516332946/chapter-6-cpa-flash-cards/",10
"CPA Type Questions","https://quizlet.com/45583494/cpa-type-questions-flash-cards/",10
"CPA - FAR - Accrual Accounting","https://quizlet.com/330628887/cpa-far-accrual-accounting-flash-cards/",5
"Becker CPA questions- exam 2 practice","https://quizlet.com/499552481/becker-cpa-questions-exam-2-practice-flash-cards/",23
"CPA AUD Simulation review","https://quizlet.com/145732631/cpa-aud-simulation-review-flash-cards/",26
"2011 cpa chapter 20","https://quizlet.com/6015169/2011-cpa-chapter-20-flash-cards/",68
"CPA - REG","https://quizlet.com/114611850/cpa-reg-flash-cards/",260
"CPA-20","https://quizlet.com/br/182607084/cpa-20-flash-cards/",233
"CPA - FAR - Post Assessment I.1","https://quizlet.com/331107067/cpa-far-post-assessment-i1-flash-cards/",13
"CPAS","https://quizlet.com/280901923/cpas-flash-cards/",134
"CPA1 Exam","https://quizlet.com/496022632/cpa1-exam-flash-cards/",25
"CPA","https://quizlet.com/176733854/cpa-flash-cards/",43
"CPA Practice Questions","https://quizlet.com/318156418/cpa-practice-questions-flash-cards/",55
"CPA - FAR","https://quizlet.com/408764612/cpa-far-flash-cards/",860
"Ch. 15 - CPA Qs","https://quizlet.com/128640939/ch-15-cpa-qs-flash-cards/",7
"CPA 7. Fundamentals of Mutual Funds and ETFs","https://quizlet.com/760050022/cpa-7-fundamentals-of-mutual-funds-and-etfs-flash-cards/",10
"CPA REG Module 21 (MCQs)-64nm","https://quizlet.com/236205630/cpa-reg-module-21-mcqs-64nm-flash-cards/",64
"CPA3 Chapter 18 Thorax and Lungs","https://quizlet.com/156178091/cpa3-chapter-18-thorax-and-lungs-flash-cards/",56
"ACC 301 Exam 1 CH 2 CPA","https://quizlet.com/223069566/acc-301-exam-1-ch-2-cpa-flash-cards/",12
"AC320: CPA Quiz","https://quizlet.com/110368183/ac320-cpa-quiz-flash-cards/",8
"CPA Exam Review Questions Financial Accounting & Reporting (FAR)","https://quizlet.com/144199739/cpa-exam-review-questions-financial-accounting-reporting-far-flash-cards/",31
"FAR CPA Exam - Financial Statement Accounts","https://quizlet.com/405202588/far-cpa-exam-financial-statement-accounts-flash-cards/",227
"CPA - REG","https://quizlet.com/323592349/cpa-reg-flash-cards/",40
"Tax: CPA Questions","https://quizlet.com/198493174/tax-cpa-questions-flash-cards/",19
"CPA A2","https://quizlet.com/cn/340186443/cpa-a2-flash-cards/",183
"CPA REVIEW EXAM #11","https://quizlet.com/64573436/cpa-review-exam-11-flash-cards/",132
"CPA Exam Practice Questions","https://quizlet.com/186379146/cpa-exam-practice-questions-flash-cards/",24
"CPA - Regulation","https://quizlet.com/217662618/cpa-regulation-flash-cards/",546
"AUD - CPA Exam - Engagement Planning","https://quizlet.com/145695617/aud-cpa-exam-engagement-planning-flash-cards/",105
"cpa reviw PCAOB","https://quizlet.com/44232880/cpa-reviw-pcaob-flash-cards/",8
"CPA Questions #2","https://quizlet.com/599677041/cpa-questions-2-flash-cards/",9
"REG CPA","https://quizlet.com/305667257/reg-cpa-flash-cards/",784
"The CPA Profession","https://quizlet.com/49978195/the-cpa-profession-flash-cards/",15
"CPA FAR Exam","https://quizlet.com/227377158/cpa-far-exam-flash-cards/",241
"CPA - FAR - Troubled Debt","https://quizlet.com/508633185/cpa-far-troubled-debt-flash-cards/",10
"CPA 3","https://quizlet.com/548180080/cpa-3-flash-cards/",131
"CPA chap 1","https://quizlet.com/423984418/cpa-chap-1-flash-cards/",17
"CPA AUD","https://quizlet.com/268150502/cpa-aud-flash-cards/",344
"Intermediate Accounting Chapter 18 CPA Questions","https://quizlet.com/328728177/intermediate-accounting-chapter-18-cpa-questions-flash-cards/",10
"CPAS","https://quizlet.com/133985730/cpas-flash-cards/",132
"CPA Exam - FAR - Area II - Deferrred Taxes","https://quizlet.com/286285070/cpa-exam-far-area-ii-deferrred-taxes-flash-cards/",29
"CPA FAR - LEASES","https://quizlet.com/5551906/cpa-far-leases-flash-cards/",22
"CPA FAR practice questions","https://quizlet.com/154872757/cpa-far-practice-questions-flash-cards/",41
"Audit CPA","https://quizlet.com/288660335/audit-cpa-flash-cards/",161
"CPA - FAR - Fair Value","https://quizlet.com/330895254/cpa-far-fair-value-flash-cards/",25
"CPA Ratios","https://quizlet.com/531304952/cpa-ratios-flash-cards/",79
"CPA 8. Modern Portfolio Theory; The Efficient Frontier","https://quizlet.com/716249821/cpa-8-modern-portfolio-theory-the-efficient-frontier-flash-cards/",14
"Chapter 17 BEC 2011 Cpa","https://quizlet.com/5932410/chapter-17-bec-2011-cpa-flash-cards/",35
"CPA Exam FAR Roger mnemonic","https://quizlet.com/199237211/cpa-exam-far-roger-mnemonic-flash-cards/",20
"CPA - combined","https://quizlet.com/736995840/cpa-combined-flash-cards/",40
"CPA4","https://quizlet.com/640372873/cpa4-flash-cards/",33
"CPA Reg","https://quizlet.com/414483802/cpa-reg-flash-cards/",32
"Accounting 3512- CPA Exam 15","https://quizlet.com/352932101/accounting-3512-cpa-exam-15-flash-cards/",44
"HEALTH SCIENCE 2 CPAS","https://quizlet.com/339373283/health-science-2-cpas-flash-cards/",251
"CPA Physics Study Guide","https://quizlet.com/112424519/cpa-physics-study-guide-flash-cards/",16
"AUD CPA Exam Notes","https://quizlet.com/139922800/aud-cpa-exam-notes-flash-cards/",239
"Becker CPA FAR","https://quizlet.com/603682648/becker-cpa-far-flash-cards/",397
"Cpa Capstone 2","https://quizlet.com/ca/216898482/cpa-capstone-2-flash-cards/",109
"Business Law CPA 3","https://quizlet.com/185959973/business-law-cpa-3-flash-cards/",24
"CPA F.9","https://quizlet.com/85974063/cpa-f9-flash-cards/",112
"IFRS CPA Exam #2","https://quizlet.com/331735629/ifrs-cpa-exam-2-flash-cards/",34
"Exam 2 CPA Questions","https://quizlet.com/197106634/exam-2-cpa-questions-flash-cards/",20
"Module One - Practice CPA Questions","https://quizlet.com/268881155/module-one-practice-cpa-questions-flash-cards/",25
"Chapter 4 CPA Questions","https://quizlet.com/377313002/chapter-4-cpa-questions-flash-cards/",9
"Cost final CPA","https://quizlet.com/462790466/cost-final-cpa-flash-cards/",13
"F2 CPA","https://quizlet.com/87383736/f2-cpa-flash-cards/",31
"cpa audit","https://quizlet.com/631935393/cpa-audit-flash-cards/",175
"CPA and CMA ch. 7","https://quizlet.com/111088968/cpa-and-cma-ch-7-flash-cards/",13
"AUDIT CPA (SSAE & SSARS Engagements)","https://quizlet.com/221161467/audit-cpa-ssae-ssars-engagements-flash-cards/",9
"CPA REG","https://quizlet.com/172463813/cpa-reg-flash-cards/",15
"CPA Exam - FAR - Area II - Revenue Recognition","https://quizlet.com/286412038/cpa-exam-far-area-ii-revenue-recognition-flash-cards/",31
"CPAS","https://quizlet.com/280357236/cpas-flash-cards/",522
"CPAs 5 and 6 Asset Allocation RTQ IPS","https://quizlet.com/714627063/cpas-5-and-6-asset-allocation-rtq-ips-flash-cards/",9
"CPA FAR-MNUMONICS AND FORMULAS","https://quizlet.com/115854015/cpa-far-mnumonics-and-formulas-flash-cards/",84
"F5 CPA","https://quizlet.com/87667182/f5-cpa-flash-cards/",28
"Chapters 3 and 4 CPA Qs (Auditing)","https://quizlet.com/44917274/chapters-3-and-4-cpa-qs-auditing-flash-cards/",99
"CPA- Audit","https://quizlet.com/in/212820730/cpa-audit-flash-cards/",296
"Sweet 15 CPA Spanish","https://quizlet.com/268511932/sweet-15-cpa-spanish-flash-cards/",10
"Core 2 CPA","https://quizlet.com/ca/211824772/core-2-cpa-flash-cards/",133
"FAR CPA F4","https://quizlet.com/502322530/far-cpa-f4-flash-cards/",23
"CPA exam midterm","https://quizlet.com/591154821/cpa-exam-midterm-flash-cards/",60
"Roger CPA chp 9-11","https://quizlet.com/534642432/roger-cpa-chp-9-11-flash-cards/",20
"CPA Quiz 4","https://quizlet.com/929338458/cpa-quiz-4-flash-cards/",20
"CPAS Review","https://quizlet.com/133254408/cpas-review-flash-cards/",208
"CPA - Ethics","https://quizlet.com/8109192/cpa-ethics-flash-cards/",71
"Culinary CPAS","https://quizlet.com/240240343/culinary-cpas-flash-cards/",90
"Intermediate Accounting Chapter 7 CPA Questions","https://quizlet.com/328717602/intermediate-accounting-chapter-7-cpa-questions-flash-cards/",10
"CPA EXAM FAR","https://quizlet.com/364605388/cpa-exam-far-flash-cards/",5
"Practice CPA","https://quizlet.com/608283805/practice-cpa-flash-cards/",49
"Business Law CPA 5","https://quizlet.com/188463507/business-law-cpa-5-flash-cards/",29
"CPA Review: Ch. 10","https://quizlet.com/445153861/cpa-review-ch-10-flash-cards/",100
"CPA Certification 2019 (chapter 5)","https://quizlet.com/ca/348087843/cpa-certification-2019-chapter-5-flash-cards/",39
"CPA FAR-MNUMONICS","https://quizlet.com/9088795/cpa-far-mnumonics-flash-cards/",26
"CPA","https://quizlet.com/ph/785451438/cpa-flash-cards/",60
"CPA - Regulation","https://quizlet.com/in/214759208/cpa-regulation-flash-cards/",546
"ACC - Chapter 12 (CPA Adapted)","https://quizlet.com/360448887/acc-chapter-12-cpa-adapted-flash-cards/",10
"CPA Audit - Special Reports and Other Reports","https://quizlet.com/5936677/cpa-audit-special-reports-and-other-reports-flash-cards/",40
"CPA 20","https://quizlet.com/br/496572324/cpa-20-flash-cards/",379
"CPA -AUD 2","https://quizlet.com/216916358/cpa-aud-2-flash-cards/",25
"Chapter 13 CPA Questions","https://quizlet.com/497347999/chapter-13-cpa-questions-flash-cards/",7
"Business Law CPA Ques","https://quizlet.com/ca/338897164/business-law-cpa-ques-flash-cards/",109
"Governmental Accounting-CPA Review","https://quizlet.com/12839846/governmental-accounting-cpa-review-flash-cards/",58
"FAR CPA","https://quizlet.com/245732154/far-cpa-flash-cards/",325
"CPA - Regulation (Agency)","https://quizlet.com/2448155/cpa-regulation-agency-flash-cards/",15
"CPA 10 Modulo 1","https://quizlet.com/br/304811877/cpa-10-modulo-1-flash-cards/",23
"Business Law CPA 4","https://quizlet.com/185970473/business-law-cpa-4-flash-cards/",19
"Chapter 10 CPA Questions","https://quizlet.com/485919705/chapter-10-cpa-questions-flash-cards/",14
"CPA FAAR","https://quizlet.com/414164733/cpa-faar-flash-cards/",303
"CPA REG","https://quizlet.com/166392088/cpa-reg-flash-cards/",154
"FAR CPA F5","https://quizlet.com/515583722/far-cpa-f5-flash-cards/",32
"cpa","https://quizlet.com/ph/332395492/cpa-flash-cards/",72
"Chapter 8 CPA","https://quizlet.com/506848233/chapter-8-cpa-flash-cards/",6
"CPA FAR governmental accounting","https://quizlet.com/11821792/cpa-far-governmental-accounting-flash-cards/",44
"CPA Audit 1","https://quizlet.com/225523524/cpa-audit-1-flash-cards/",58
"FAR- CPA","https://quizlet.com/759995112/far-cpa-flash-cards/",517
"F8 CPA","https://quizlet.com/87992499/f8-cpa-flash-cards/",39
"AUD - CPA Exam - Internal Control","https://quizlet.com/145457816/aud-cpa-exam-internal-control-flash-cards/",188
"CPA: Audit","https://quizlet.com/304453090/cpa-audit-flash-cards/",302
"Intermediate Accounting Chapter 13 CPA Exam Practice","https://quizlet.com/342070861/intermediate-accounting-chapter-13-cpa-exam-practice-flash-cards/",10
"FAR CPA F2","https://quizlet.com/473908598/far-cpa-f2-flash-cards/",19
"CPA","https://quizlet.com/22727075/cpa-flash-cards/",532
"CPA 511","https://quizlet.com/537546889/cpa-511-flash-cards/",25
"CPA AUD (Audit Evidence)","https://quizlet.com/24390442/cpa-aud-audit-evidence-flash-cards/",16
"INT ACC 1 - Chapter 7 CPA/CMA Q's","https://quizlet.com/175500896/int-acc-1-chapter-7-cpacma-qs-flash-cards/",12
"Regulation cpa test 2017","https://quizlet.com/222193408/regulation-cpa-test-2017-flash-cards/",25
"CPAS Study Guide","https://quizlet.com/58972173/cpas-study-guide-flash-cards/",55
"CPA English 2 Final 2016","https://quizlet.com/142837296/cpa-english-2-final-2016-flash-cards/",108
"CPA","https://quizlet.com/391441136/cpa-flash-cards/",860
"AIS EXAM 2- CPA QUESTIONS OF REV CYCLE","https://quizlet.com/239422474/ais-exam-2-cpa-questions-of-rev-cycle-flash-cards/",20
"CPA F.1","https://quizlet.com/85860453/cpa-f1-flash-cards/",173
"CPA Prelims","https://quizlet.com/ph/305724145/cpa-prelims-flash-cards/",71
"CPA 3 Book Questions","https://quizlet.com/445940051/cpa-3-book-questions-flash-cards/",26
"Becker BEC Acronyms - CPA Exam","https://quizlet.com/505062829/becker-bec-acronyms-cpa-exam-flash-cards/",39
"CPA FAR FINAL","https://quizlet.com/610343621/cpa-far-final-flash-cards/",193
"CPA studying","https://quizlet.com/409962189/cpa-studying-flash-cards/",116
"CPA Unit 9","https://quizlet.com/283160086/cpa-unit-9-flash-cards/",9
"CPA Financial Accounting & Reporting","https://quizlet.com/44118264/cpa-financial-accounting-reporting-flash-cards/",88
"CPA AUDIT - REPORTING","https://quizlet.com/5921342/cpa-audit-reporting-flash-cards/",26
"FAR CPA","https://quizlet.com/260583319/far-cpa-flash-cards/",218
"CPA - FAR Multiple Choice","https://quizlet.com/416250740/cpa-far-multiple-choice-flash-cards/",5
"Research CPA #1","https://quizlet.com/291807264/research-cpa-1-flash-cards/",60
"CPA 6","https://quizlet.com/228791565/cpa-6-flash-cards/",26
"CPA 10 - M.05","https://quizlet.com/br/305584058/cpa-10-m05-flash-cards/",102
"Chapter 10&11 Auditing (CPA)","https://quizlet.com/77607002/chapter-1011-auditing-cpa-flash-cards/",73
"CPAS","https://quizlet.com/259011628/cpas-flash-cards/",67
"CPA- FAR 2","https://quizlet.com/145730670/cpa-far-2-flash-cards/",60
"CPA HISTORY FINAL","https://quizlet.com/213816944/cpa-history-final-flash-cards/",197
"CPA 3","https://quizlet.com/137495417/cpa-3-flash-cards/",20
"CPA Study - Auditing","https://quizlet.com/108575377/cpa-study-auditing-flash-cards/",29
"cpa audit","https://quizlet.com/131518450/cpa-audit-flash-cards/",11
"CPA Final","https://quizlet.com/552065216/cpa-final-flash-cards/",52
"Chapter 4 Auditing - Legal Liability of CPAs (Review Questions)","https://quizlet.com/28891688/chapter-4-auditing-legal-liability-of-cpas-review-questions-flash-cards/",19
"Missed CPA Excel Quesitons","https://quizlet.com/80887170/missed-cpa-excel-quesitons-flash-cards/",39
"CPA FAR","https://quizlet.com/145662656/cpa-far-flash-cards/",170
"Tax Ch 5 - CPA Prep","https://quizlet.com/482042656/tax-ch-5-cpa-prep-flash-cards/",41
"PARCA CPAS Clinical","https://quizlet.com/609214410/parca-cpas-clinical-flash-cards/",95
"Concepts CPAS review","https://quizlet.com/389536273/concepts-cpas-review-flash-cards/",55
"Nutrition CPA1","https://quizlet.com/186273040/nutrition-cpa1-flash-cards/",49
"CPA FAR Exam Prep","https://quizlet.com/323098289/cpa-far-exam-prep-flash-cards/",61
"CPA 10 - M.01","https://quizlet.com/br/302019437/cpa-10-m01-flash-cards/",38
"CPAS Week 3","https://quizlet.com/387063232/cpas-week-3-flash-cards/",179
"Health Science I CPAS Questions","https://quizlet.com/258007334/health-science-i-cpas-questions-flash-cards/",166
"CPA EXAM AUDITING","https://quizlet.com/436744902/cpa-exam-auditing-flash-cards/",110
"Midterm CPA Questions","https://quizlet.com/491721145/midterm-cpa-questions-flash-cards/",54
"Intermediate Accounting: CPA Questions Ch 1-24","https://quizlet.com/162059454/intermediate-accounting-cpa-questions-ch-1-24-flash-cards/",5
"Cpa core 1","https://quizlet.com/ca/525302102/cpa-core-1-flash-cards/",121
"CHP 8 CPA Questions","https://quizlet.com/516425041/chp-8-cpa-questions-flash-cards/",24
"BEC CPA, CPA (BEC) - Combined + More","https://quizlet.com/815537684/bec-cpa-cpa-bec-combined-more-flash-cards/",854
"CPA Review","https://quizlet.com/591342137/cpa-review-flash-cards/",32
"World History CPA Unit 1","https://quizlet.com/410749533/world-history-cpa-unit-1-flash-cards/",38
"CPA","https://quizlet.com/97241162/cpa-flash-cards/",93
"CPA1","https://quizlet.com/427667924/cpa1-flash-cards/",364
"CPAS Megabyte Money","https://quizlet.com/28856431/cpas-megabyte-money-flash-cards/",18
"Accounting final CPA questions","https://quizlet.com/698429654/accounting-final-cpa-questions-flash-cards/",80
"Topic 7 CPA Test Prep Questions","https://quizlet.com/126088465/topic-7-cpa-test-prep-questions-flash-cards/",10
"CPA Audit - Audit Risk and Materiality","https://quizlet.com/6011903/cpa-audit-audit-risk-and-materiality-flash-cards/",59
"Health Science CPAS Review","https://quizlet.com/78389714/health-science-cpas-review-flash-cards/",84
"Tax Ch 4 - CPA Prep","https://quizlet.com/478211876/tax-ch-4-cpa-prep-flash-cards/",24
"CPA Review","https://quizlet.com/10785911/cpa-review-flash-cards/",5
"Chapter 19 BEC 2011 CPA","https://quizlet.com/87462147/chapter-19-bec-2011-cpa-flash-cards/",136
"CPA BEC","https://quizlet.com/142206238/cpa-bec-flash-cards/",6
"FAR CPA Created by the lecture 2015","https://quizlet.com/86648520/far-cpa-created-by-the-lecture-2015-flash-cards/",18
"CPA review- Ch. 1","https://quizlet.com/420061749/cpa-review-ch-1-flash-cards/",84
"CPAS Robotics","https://quizlet.com/282769009/cpas-robotics-flash-cards/",81
"BEC - CPA Financial Mananagement","https://quizlet.com/193036024/bec-cpa-financial-mananagement-flash-cards/",8
"CPA 4","https://quizlet.com/345551330/cpa-4-flash-cards/",213
"cpa financial","https://quizlet.com/626359159/cpa-financial-flash-cards/",259
"Advanced Auditing - Wiley CPA CH1","https://quizlet.com/152085028/advanced-auditing-wiley-cpa-ch1-flash-cards/",54
"Acctg 5110 CPA #8","https://quizlet.com/305564628/acctg-5110-cpa-8-flash-cards/",5
"Apostila CPA10 (2)","https://quizlet.com/263947339/apostila-cpa10-2-flash-cards/",24
"CPA Questions 2","https://quizlet.com/537807915/cpa-questions-2-flash-cards/",10
"ISC - CPA Exam","https://quizlet.com/921260176/isc-cpa-exam-flash-cards/",460
"CPA BEC","https://quizlet.com/139484410/cpa-bec-flash-cards/",863
"2013 CPA Audit 4 Ana","https://quizlet.com/24439828/2013-cpa-audit-4-ana-flash-cards/",14
"CPA","https://quizlet.com/cn/402994828/cpa-flash-cards/",38
"CPA Review- Ch 8","https://quizlet.com/440182325/cpa-review-ch-8-flash-cards/",100
"Final: Chapter 4 Legal Liability of CPAs","https://quizlet.com/395565141/final-chapter-4-legal-liability-of-cpas-flash-cards/",91
"ACCT 306 CPA Questions Chapter 12","https://quizlet.com/325335193/acct-306-cpa-questions-chapter-12-flash-cards/",8
"CPA Regulation","https://quizlet.com/172475308/cpa-regulation-flash-cards/",376
"CPA Review- Ch. 2","https://quizlet.com/420976081/cpa-review-ch-2-flash-cards/",97
"CPA Audit - Assertion Audit Procedures (COVER U)","https://quizlet.com/118363714/cpa-audit-assertion-audit-procedures-cover-u-flash-cards/",6
"FAR CPA F1","https://quizlet.com/465063543/far-cpa-f1-flash-cards/",24
"CPA","https://quizlet.com/522386283/cpa-flash-cards/",58
"FAR CPA F4","https://quizlet.com/515583681/far-cpa-f4-flash-cards/",21
"CPAS","https://quizlet.com/36677499/cpas-flash-cards/",122
"Audit CPA Formulas","https://quizlet.com/204471546/audit-cpa-formulas-flash-cards/",36
"CPA Review REG","https://quizlet.com/392388015/cpa-review-reg-flash-cards/",115
"BEC CPA EXAM IT","https://quizlet.com/594950903/bec-cpa-exam-it-flash-cards/",77
"Audit CPA Acronyms","https://quizlet.com/265759729/audit-cpa-acronyms-flash-cards/",29
"CPA #02 (Principles and Overview)","https://quizlet.com/ph/215434367/cpa-02-principles-and-overview-flash-cards/",20
"cpas","https://quizlet.com/242570287/cpas-flash-cards/",84
"CPA Tax ","https://quizlet.com/ca/822366539/cpa-tax-flash-cards/",208
"CPA Superwörter!","https://quizlet.com/370961117/cpa-superworter-flash-cards/",19
"FAR CPA EXAM- BECKER 2015 F1","https://quizlet.com/86600760/far-cpa-exam-becker-2015-f1-flash-cards/",31
"CPA Exam Questions FINAL EXAM","https://quizlet.com/548617291/cpa-exam-questions-final-exam-flash-cards/",40
"History Chapter 18 CPA","https://quizlet.com/4925462/history-chapter-18-cpa-flash-cards/",40
"CPA (reg?)","https://quizlet.com/755963064/cpa-reg-flash-cards/",27
"Ethics For CPA","https://quizlet.com/596991018/ethics-for-cpa-flash-cards/",41
"CPA REG","https://quizlet.com/397229523/cpa-reg-flash-cards/",227
"Teacher Academy I CPAS Vocabulary","https://quizlet.com/76417488/teacher-academy-i-cpas-vocabulary-flash-cards/",119
"CPA - Basics","https://quizlet.com/13865405/cpa-basics-flash-cards/",1264
"CPA-20","https://quizlet.com/br/496573085/cpa-20-flash-cards/",233
"FAR CPA Exam - F1","https://quizlet.com/159739739/far-cpa-exam-f1-flash-cards/",24
"INT ACC 1 - Chapter 3 CPA/CMA Q's","https://quizlet.com/175399320/int-acc-1-chapter-3-cpacma-qs-flash-cards/",11
"CPA","https://quizlet.com/br/256261874/cpa-flash-cards/",401
"BEC CPA EXAM","https://quizlet.com/396345056/bec-cpa-exam-flash-cards/",8
"Business Fundamentals CPAS Review","https://quizlet.com/129908864/business-fundamentals-cpas-review-flash-cards/",141
"CPA Audit- Exam Questions","https://quizlet.com/568843321/cpa-audit-exam-questions-flash-cards/",62
"CPA-BEC Ratios","https://quizlet.com/22287178/cpa-bec-ratios-flash-cards/",15
"CPA - FAR F7","https://quizlet.com/645700172/cpa-far-f7-flash-cards/",151
"CPA 7","https://quizlet.com/729041100/cpa-7-flash-cards/",17
"CPAS Review","https://quizlet.com/28445565/cpas-review-flash-cards/",84
"Auditing Final Roger CPA Questions","https://quizlet.com/350923975/auditing-final-roger-cpa-questions-flash-cards/",15
"CPA Core 2","https://quizlet.com/ca/279979998/cpa-core-2-flash-cards/",226
"Simulado CPA20","https://quizlet.com/br/359690843/simulado-cpa20-flash-cards/",310
"CPA AUD","https://quizlet.com/122384779/cpa-aud-flash-cards/",344
"ACC Law CPA questions","https://quizlet.com/129805347/acc-law-cpa-questions-flash-cards/",27
"Intermediate Accounting Chapter 15 CPA Exam Practice","https://quizlet.com/342683247/intermediate-accounting-chapter-15-cpa-exam-practice-flash-cards/",10
"Chapter 4: Legal Liability of CPAs","https://quizlet.com/264357723/chapter-4-legal-liability-of-cpas-flash-cards/",47
"Final CPA Questions","https://quizlet.com/203135164/final-cpa-questions-flash-cards/",191
"CPAS Health Science 1 Review","https://quizlet.com/204292959/cpas-health-science-1-review-flash-cards/",380
"Cognitive Psych CPA 1 study guide","https://quizlet.com/423817925/cognitive-psych-cpa-1-study-guide-flash-cards/",82
"CPA FAR - Receivables","https://quizlet.com/12925194/cpa-far-receivables-flash-cards/",39
"CPA","https://quizlet.com/br/216858445/cpa-flash-cards/",401
"Business Law CPA questions","https://quizlet.com/110676999/business-law-cpa-questions-flash-cards/",17
"CPA 10 - M.04","https://quizlet.com/br/305061206/cpa-10-m04-flash-cards/",43
"CPA","https://quizlet.com/372405099/cpa-flash-cards/",860
"CPA FAR F1 questions","https://quizlet.com/130770865/cpa-far-f1-questions-flash-cards/",12
"CPA F4 M5 Study Spring 2020","https://quizlet.com/479982061/cpa-f4-m5-study-spring-2020-flash-cards/",12
"CPA Review- Ch. 4","https://quizlet.com/423476990/cpa-review-ch-4-flash-cards/",99
"ACC - Chapter 14 (CPA)","https://quizlet.com/371459894/acc-chapter-14-cpa-flash-cards/",11
"CPA 05 Budgeting Basics","https://quizlet.com/513226133/cpa-05-budgeting-basics-flash-cards/",20
"CPA law exam 3","https://quizlet.com/134813005/cpa-law-exam-3-flash-cards/",35
"Roger CPA Mnemonics","https://quizlet.com/599737290/roger-cpa-mnemonics-flash-cards/",24
"CPA","https://quizlet.com/390841540/cpa-flash-cards/",66
"CPA 10","https://quizlet.com/br/32002046/cpa-10-flash-cards/",29
"CPAS 6","https://quizlet.com/79580288/cpas-6-flash-cards/",5
"CPA ethics course","https://quizlet.com/409470253/cpa-ethics-course-flash-cards/",79
"Chemistry CPA ideal gas law CK12","https://quizlet.com/cn/593122786/chemistry-cpa-ideal-gas-law-ck12-flash-cards/",11
"Business Fundamentals CPAS Review","https://quizlet.com/38029482/business-fundamentals-cpas-review-flash-cards/",178
"CPA 2 - Community","https://quizlet.com/574462524/cpa-2-community-flash-cards/",26
"CPAS 4","https://quizlet.com/133014486/cpas-4-flash-cards/",21
"CPA Audit","https://quizlet.com/216463300/cpa-audit-flash-cards/",104
"303 - CPA questions","https://quizlet.com/350354572/303-cpa-questions-flash-cards/",48
"CPA Exam FAR","https://quizlet.com/113601903/cpa-exam-far-flash-cards/",20
"Audit CPA","https://quizlet.com/102534624/audit-cpa-flash-cards/",130
"CPA Exam -","https://quizlet.com/611725883/cpa-exam-flash-cards/",75
"BEC CPA IT","https://quizlet.com/92800231/bec-cpa-it-flash-cards/",36
"CPA","https://quizlet.com/574148090/cpa-flash-cards/",83
"CPA Business Law 1","https://quizlet.com/175928460/cpa-business-law-1-flash-cards/",59
"CPA Audit - Flowcharting","https://quizlet.com/6057391/cpa-audit-flowcharting-flash-cards/",13
"CPA FAR - Earnings Per Share","https://quizlet.com/13094986/cpa-far-earnings-per-share-flash-cards/",26
"Research CPA 4","https://quizlet.com/416991485/research-cpa-4-flash-cards/",30
"Intermediate Accounting Chapter 8 CPA Exam Practice","https://quizlet.com/329178060/intermediate-accounting-chapter-8-cpa-exam-practice-flash-cards/",10
"CPA FAR - PARTNERSHIP ACCOUNTING","https://quizlet.com/ph/18488436/cpa-far-partnership-accounting-flash-cards/",19
"CPAS Robotics","https://quizlet.com/415499580/cpas-robotics-flash-cards/",81
"Business Marketing MS-CPAS Review","https://quizlet.com/285124728/business-marketing-ms-cpas-review-flash-cards/",208
"Accounting 3512- CPA Exam 22","https://quizlet.com/352920436/accounting-3512-cpa-exam-22-flash-cards/",23
"AUD - CPA Exam - Reporting","https://quizlet.com/146649097/aud-cpa-exam-reporting-flash-cards/",197
"AUD 4 Financial Ratios CPA","https://quizlet.com/12228282/aud-4-financial-ratios-cpa-flash-cards/",32
"CPA REG","https://quizlet.com/217585053/cpa-reg-flash-cards/",142
"CPA REG","https://quizlet.com/709317949/cpa-reg-flash-cards/",329
"cpas review","https://quizlet.com/129159894/cpas-review-flash-cards/",51
"CPAS","https://quizlet.com/36676829/cpas-flash-cards/",40
"CPA REG","https://quizlet.com/766648220/cpa-reg-flash-cards/",971
"CPA Audit - Accounting and Review Services Engagements","https://quizlet.com/5933865/cpa-audit-accounting-and-review-services-engagements-flash-cards/",30
"cpa","https://quizlet.com/ph/315539936/cpa-flash-cards/",52
"CPA Spanish - Spanish colors","https://quizlet.com/50218295/cpa-spanish-spanish-colors-flash-cards/",11
"Research CPA 1","https://quizlet.com/148973741/research-cpa-1-flash-cards/",51
"Audit CPA","https://quizlet.com/44760321/audit-cpa-flash-cards/",69
"CPA #5","https://quizlet.com/56942701/cpa-5-flash-cards/",50
"CPA 3","https://quizlet.com/633447325/cpa-3-flash-cards/",33
"CPA","https://quizlet.com/ph/199128523/cpa-flash-cards/",210
"Stupid Review for CPA English IV","https://quizlet.com/21141234/stupid-review-for-cpa-english-iv-flash-cards/",38
"FAR CPA Exam Final Prep","https://quizlet.com/612605754/far-cpa-exam-final-prep-flash-cards/",47
"CPA 6th Bible -The Big Story Packet","https://quizlet.com/148160793/cpa-6th-bible-the-big-story-packet-flash-cards/",23
"Accounting CPA practice (217)","https://quizlet.com/231553236/accounting-cpa-practice-217-flash-cards/",12
"13 - Chemistry CPA Rate of Dissolving Ck12","https://quizlet.com/cn/597501426/13-chemistry-cpa-rate-of-dissolving-ck12-flash-cards/",12
"CPA reg exam","https://quizlet.com/301518520/cpa-reg-exam-flash-cards/",337
"CPAS Review","https://quizlet.com/129908477/cpas-review-flash-cards/",66
"CPA F10","https://quizlet.com/304925491/cpa-f10-flash-cards/",25
"PARCA CPAS - CLINICAL","https://quizlet.com/601539736/parca-cpas-clinical-flash-cards/",118
"Chapter 04-QUIZ-Legal Liability of CPAs","https://quizlet.com/64588260/chapter-04-quiz-legal-liability-of-cpas-flash-cards/",52
"CPA: Regulation","https://quizlet.com/138237421/cpa-regulation-flash-cards/",76
"CC CPA1","https://quizlet.com/186128116/cc-cpa1-flash-cards/",65
"BEC CPA EXAM Acronyms","https://quizlet.com/274727771/bec-cpa-exam-acronyms-flash-cards/",26
"CPA Astronomy Vocabulary Midterm","https://quizlet.com/249923958/cpa-astronomy-vocabulary-midterm-flash-cards/",60
"Chemistry CPA Gas Pressure Qs","https://quizlet.com/cn/588160417/chemistry-cpa-gas-pressure-qs-flash-cards/",10
"CPA - FAR - Post Assessment I.2","https://quizlet.com/332115034/cpa-far-post-assessment-i2-flash-cards/",6
"CPA 5","https://quizlet.com/643638105/cpa-5-flash-cards/",33
"CPA REG Module 21 (MCQs)","https://quizlet.com/24527087/cpa-reg-module-21-mcqs-flash-cards/",64
"Spanish 1 Final Exam Study Guide","https://quizlet.com/9204160/spanish-1-final-exam-study-guide-flash-cards/",118
"FAR CPA","https://quizlet.com/866074344/far-cpa-flash-cards/",219
"CPA FAR Review 2","https://quizlet.com/338998251/cpa-far-review-2-flash-cards/",64
"Auditing CPA 1","https://quizlet.com/126123807/auditing-cpa-1-flash-cards/",81
"CPA Biology, Chapter 7","https://quizlet.com/322060752/cpa-biology-chapter-7-flash-cards/",32
"Simple, Compound, Complex or Compound-Complex (IXL)","https://quizlet.com/100350004/simple-compound-complex-or-compound-complex-ixl-flash-cards/",20
"CPA Exam","https://quizlet.com/681604430/cpa-exam-flash-cards/",17
"Roots -CPA","https://quizlet.com/88671774/roots-cpa-flash-cards/",14
"FAR CPA Exam 2015-Wiley","https://quizlet.com/86555388/far-cpa-exam-2015-wiley-flash-cards/",50
"IFRS CPA Exam","https://quizlet.com/443952321/ifrs-cpa-exam-flash-cards/",50
"CPA FAR","https://quizlet.com/742270833/cpa-far-flash-cards/",416
"Auditing CPA Test Prep Questions","https://quizlet.com/293566864/auditing-cpa-test-prep-questions-flash-cards/",69
"CPA FAR","https://quizlet.com/354435280/cpa-far-flash-cards/",115
"cpas","https://quizlet.com/198954576/cpas-flash-cards/",40
"Ohio Notary Test","https://quizlet.com/28838083/ohio-notary-test-flash-cards/",24
"ACG3401 CPA Exam 4 and Jeopardy Questions","https://quizlet.com/246798222/acg3401-cpa-exam-4-and-jeopardy-questions-flash-cards/",36
"CPA Quiz 1","https://quizlet.com/928358669/cpa-quiz-1-flash-cards/",20
"CPA5","https://quizlet.com/br/209094722/cpa5-flash-cards/",244
"Welding CPAS-152","https://quizlet.com/171637886/welding-cpas-152-flash-cards/",53
"CPA FAR - PENSIONS","https://quizlet.com/5530465/cpa-far-pensions-flash-cards/",19
"CPA Review- Ch. 11","https://quizlet.com/446853137/cpa-review-ch-11-flash-cards/",80
"Health Science CPAS Review 1","https://quizlet.com/577771404/health-science-cpas-review-1-flash-cards/",153
"ACCT 306 CHP 13 CPA Exam","https://quizlet.com/325430457/acct-306-chp-13-cpa-exam-flash-cards/",9
"CPA Speaking Review","https://quizlet.com/804099902/cpa-speaking-review-flash-cards/",21
"CPA","https://quizlet.com/88221513/cpa-flash-cards/",210
"CPAS review","https://quizlet.com/199816910/cpas-review-flash-cards/",66
"Culinary CPAS","https://quizlet.com/284983325/culinary-cpas-flash-cards/",100
"CPA Regulation","https://quizlet.com/87207050/cpa-regulation-flash-cards/",376
"Contracts Practice Problems/CPA Questions","https://quizlet.com/436999547/contracts-practice-problemscpa-questions-flash-cards/",37
"The absolutely True Diary of a part time Indian Study Guide Answers","https://quizlet.com/209333468/the-absolutely-true-diary-of-a-part-time-indian-study-guide-answers-flash-cards/",92
"CPA-BEC","https://quizlet.com/88346300/cpa-bec-flash-cards/",183
"CPA FAR MNEMONICS","https://quizlet.com/518122089/cpa-far-mnemonics-flash-cards/",90
"Cpa Sarcasm","https://quizlet.com/14705630/cpa-sarcasm-flash-cards/",5
"CPA Biology Final","https://quizlet.com/700132588/cpa-biology-final-flash-cards/",227
"CPAS Week 4","https://quizlet.com/387097204/cpas-week-4-flash-cards/",178
"CPA REG4 M4","https://quizlet.com/510344770/cpa-reg4-m4-flash-cards/",15
"Intermediate ACCT 2 - Final Exam RogerCPA Q's Part 2","https://quizlet.com/252667406/intermediate-acct-2-final-exam-rogercpa-qs-part-2-flash-cards/",43
"Health Science 1 - CPAS Review #1","https://quizlet.com/133036707/health-science-1-cpas-review-1-flash-cards/",100
"CPA: Audit-A6","https://quizlet.com/496536607/cpa-audit-a6-flash-cards/",242
"CPA Practice 2","https://quizlet.com/621246497/cpa-practice-2-flash-cards/",33
"Topic 4- CPA","https://quizlet.com/514467167/topic-4-cpa-flash-cards/",5
"Negative and Affirmative Words (Spanish)","https://quizlet.com/21314844/negative-and-affirmative-words-spanish-flash-cards/",14
"CPA Practice","https://quizlet.com/660448393/cpa-practice-flash-cards/",29
"CPA Exam Becker Audit 4","https://quizlet.com/192852581/cpa-exam-becker-audit-4-flash-cards/",295
"ACCT 3020 - CPA Exam Prep","https://quizlet.com/647442434/acct-3020-cpa-exam-prep-flash-cards/",32
"REGULATION - CPA","https://quizlet.com/258860781/regulation-cpa-flash-cards/",141
"Assurance - CPA","https://quizlet.com/ca/427920638/assurance-cpa-flash-cards/",100
"CPA Audit - Accounts Receivable and Revenues","https://quizlet.com/6061077/cpa-audit-accounts-receivable-and-revenues-flash-cards/",38
"REG_Ethics & Prof Responsibilities, CPA in law","https://quizlet.com/71610364/reg_ethics-prof-responsibilities-cpa-in-law-flash-cards/",74
"Chapter 13 BEC cpa 2011","https://quizlet.com/6087950/chapter-13-bec-cpa-2011-flash-cards/",33
"CPAS","https://quizlet.com/217085806/cpas-flash-cards/",17
"CPAS2 5","https://quizlet.com/202249379/cpas2-5-flash-cards/",32
