Title,URL
"Arrt ct registry","https://quizlet.com/592008310/arrt-ct-registry-flash-cards/"
"ARRT CT REGISTRY PHYSICS","https://quizlet.com/145734383/arrt-ct-registry-physics-flash-cards/"
"Arrt ct registry","https://quizlet.com/461558991/arrt-ct-registry-flash-cards/"
"ARRT CT REGISTRY PHYSICS","https://quizlet.com/305659044/arrt-ct-registry-physics-flash-cards/"
"CT ARRT","https://quizlet.com/347845977/ct-arrt-flash-cards/"
"ARRT CT REGISTRY PHYSICS","https://quizlet.com/107376624/arrt-ct-registry-physics-flash-cards/"
"ARRT CT: Patient Care","https://quizlet.com/108175416/arrt-ct-patient-care-flash-cards/"
"ARRT CT REGISTRY PHYSICS","https://quizlet.com/239936458/arrt-ct-registry-physics-flash-cards/"
"CT ARRT","https://quizlet.com/427011661/ct-arrt-flash-cards/"
"ARRT CT REGISTRY QUESTIONS","https://quizlet.com/785409192/arrt-ct-registry-questions-flash-cards/"
"ARRT CT boards","https://quizlet.com/562796745/arrt-ct-boards-flash-cards/"
"ARRT CT: Physics and Instrumentation","https://quizlet.com/109879263/arrt-ct-physics-and-instrumentation-flash-cards/"
"Arrt ct registry","https://quizlet.com/777203104/arrt-ct-registry-flash-cards/"
"CT ARRT","https://quizlet.com/670825198/ct-arrt-flash-cards/"
"ARRT CT REGISTRY PHYSICS","https://quizlet.com/kr/143972666/arrt-ct-registry-physics-flash-cards/"
"CT ARRT","https://quizlet.com/743994936/ct-arrt-flash-cards/"
"ARRT CT: Patient Care","https://quizlet.com/315249751/arrt-ct-patient-care-flash-cards/"
"ARRT CT: Physics and Instrumentation","https://quizlet.com/171243245/arrt-ct-physics-and-instrumentation-flash-cards/"
"ARRT CT REGISTRY PHYSICS","https://quizlet.com/250688962/arrt-ct-registry-physics-flash-cards/"
"CT Registry Review - ARRT","https://quizlet.com/514519549/ct-registry-review-arrt-flash-cards/"
"Arrt ct registry","https://quizlet.com/928818225/arrt-ct-registry-flash-cards/"
"ARRT CT REGISTRY PHYSICS","https://quizlet.com/417621305/arrt-ct-registry-physics-flash-cards/"
"CT ARRT","https://quizlet.com/928624457/ct-arrt-flash-cards/"
"ARRT CT REGISTRY PHYSICS","https://quizlet.com/373383452/arrt-ct-registry-physics-flash-cards/"
"ARRT CT REGISTRY PHYSICS","https://quizlet.com/172855279/arrt-ct-registry-physics-flash-cards/"
"CT ARRT Safety in CT","https://quizlet.com/411093432/ct-arrt-safety-in-ct-flash-cards/"
"Arrt ct registry","https://quizlet.com/927673830/arrt-ct-registry-flash-cards/"
"Arrt ct registry","https://quizlet.com/927744432/arrt-ct-registry-flash-cards/"
"ARRT CT REGISTRY PHYSICS II/EVERYTHING","https://quizlet.com/145734586/arrt-ct-registry-physics-iieverything-flash-cards/"
"CT ARRT Exam Review #1","https://quizlet.com/512373806/ct-arrt-exam-review-1-flash-cards/"
"ARRT CT REGISTRY PHYSICS","https://quizlet.com/274672551/arrt-ct-registry-physics-flash-cards/"
"Arrt ct registry","https://quizlet.com/924165783/arrt-ct-registry-flash-cards/"
"CT Registry Review - ARRT","https://quizlet.com/398504855/ct-registry-review-arrt-flash-cards/"
"ARRT CT REGISTRY PHYSICS","https://quizlet.com/318024197/arrt-ct-registry-physics-flash-cards/"
"ARRT CT SAFTY","https://quizlet.com/829042544/arrt-ct-safty-flash-cards/"
"ARRT CT REGISTRY PHYSICS II/EVERYTHING","https://quizlet.com/kr/143972170/arrt-ct-registry-physics-iieverything-flash-cards/"
"Arrt ct registry","https://quizlet.com/920990908/arrt-ct-registry-flash-cards/"
"CT Registry Review - ARRT","https://quizlet.com/405367523/ct-registry-review-arrt-flash-cards/"
"Arrt ct registry","https://quizlet.com/918105118/arrt-ct-registry-flash-cards/"
"ARRT CT REGISTRY PHYSICS","https://quizlet.com/864120147/arrt-ct-registry-physics-flash-cards/"
"ARRT CT REGISTRY PHYSICS","https://quizlet.com/927742394/arrt-ct-registry-physics-flash-cards/"
"ARRT CT REGISTRY PHYSICS","https://quizlet.com/927713402/arrt-ct-registry-physics-flash-cards/"
"Arrt ct registry","https://quizlet.com/902338603/arrt-ct-registry-flash-cards/"
"ARRT CT REGISTRY PHYSICS","https://quizlet.com/927677386/arrt-ct-registry-physics-flash-cards/"
"Arrt ct registry","https://quizlet.com/900042855/arrt-ct-registry-flash-cards/"
"Arrt ct registry","https://quizlet.com/895886831/arrt-ct-registry-flash-cards/"
"Arrt ct registry","https://quizlet.com/864118602/arrt-ct-registry-flash-cards/"
"ARRT CT REGISTRY PHYSICS II/EVERYTHING","https://quizlet.com/113062381/arrt-ct-registry-physics-iieverything-flash-cards/"
"ARRT CT: Patient Care","https://quizlet.com/926990924/arrt-ct-patient-care-flash-cards/"
"CT ARRT Help","https://quizlet.com/410840163/ct-arrt-help-flash-cards/"
"Arrt ct registry","https://quizlet.com/916730188/arrt-ct-registry-flash-cards/"
"CT Registry Review - ARRT","https://quizlet.com/569205688/ct-registry-review-arrt-flash-cards/"
"ARRT CT: Simulated Exam 1 Review","https://quizlet.com/112967059/arrt-ct-simulated-exam-1-review-flash-cards/"
"Arrt ct registry","https://quizlet.com/907910742/arrt-ct-registry-flash-cards/"
"CT ARRT EXAM REVIEW #2","https://quizlet.com/512507835/ct-arrt-exam-review-2-flash-cards/"
"Arrt ct registry","https://quizlet.com/847150652/arrt-ct-registry-flash-cards/"
"ARRT CT Registry Review - All Parts (Excluding Anatomy)","https://quizlet.com/435276572/arrt-ct-registry-review-all-parts-excluding-anatomy-flash-cards/"
"Arrt ct registry","https://quizlet.com/817933620/arrt-ct-registry-flash-cards/"
"Arrt ct registry","https://quizlet.com/844463973/arrt-ct-registry-flash-cards/"
"Arrt ct registry","https://quizlet.com/882742604/arrt-ct-registry-flash-cards/"
"Arrt ct registry","https://quizlet.com/863950929/arrt-ct-registry-flash-cards/"
"Arrt ct registry","https://quizlet.com/875348343/arrt-ct-registry-flash-cards/"
"Arrt ct registry","https://quizlet.com/828076707/arrt-ct-registry-flash-cards/"
"ARRT CT REGISTRY PHYSICS","https://quizlet.com/722750198/arrt-ct-registry-physics-flash-cards/"
"ARRT CT REGISTRY PHYSICS","https://quizlet.com/743995390/arrt-ct-registry-physics-flash-cards/"
"CT REGISTRY- STUDY THIS AND YOU'LL PASS!! (excluding anatomy)","https://quizlet.com/189789568/ct-registry-study-this-and-youll-pass-excluding-anatomy-flash-cards/"
"ARRT CT EXAM STUDY SET","https://quizlet.com/735001826/arrt-ct-exam-study-set-flash-cards/"
"CT Anatomy","https://quizlet.com/211755752/ct-anatomy-flash-cards/"
"ARRT CT Patient Care ","https://quizlet.com/828978567/arrt-ct-patient-care-flash-cards/"
"CT Registry Review - ARRT","https://quizlet.com/875768990/ct-registry-review-arrt-flash-cards/"
"ARRT CT REGISTRY PHYSICS","https://quizlet.com/820228816/arrt-ct-registry-physics-flash-cards/"
"ARRT CT Patient Care","https://quizlet.com/829014247/arrt-ct-patient-care-flash-cards/"
"ARRT CT REGISTRY PHYSICS","https://quizlet.com/821546237/arrt-ct-registry-physics-flash-cards/"
"Mosby CT Registry Review","https://quizlet.com/201417499/mosby-ct-registry-review-flash-cards/"
"Mosby CT Registry Review","https://quizlet.com/250687287/mosby-ct-registry-review-flash-cards/"
"ARRT Radiography Exam Review","https://quizlet.com/281447240/arrt-radiography-exam-review-flash-cards/"
"CT Boot Camp Section 1, CT Boot Camp","https://quizlet.com/525438952/ct-boot-camp-section-1-ct-boot-camp-flash-cards/"
"Mosby's CT Exam Review Practice Test 1","https://quizlet.com/286236408/mosbys-ct-exam-review-practice-test-1-flash-cards/"
"Mosby's Exam Review for CT","https://quizlet.com/79911219/mosbys-exam-review-for-ct-flash-cards/"
"Mosby CT Registry Review","https://quizlet.com/313127574/mosby-ct-registry-review-flash-cards/"
"MRI Registry Review","https://quizlet.com/513910129/mri-registry-review-flash-cards/"
"Radiography PREP ARRT","https://quizlet.com/678503297/radiography-prep-arrt-flash-cards/"
"CT ARRT outline - radiation safety and dose ","https://quizlet.com/847816991/ct-arrt-outline-radiation-safety-and-dose-flash-cards/"
"CT Registry Review (MIC)","https://quizlet.com/426671227/ct-registry-review-mic-flash-cards/"
"CT ARRT practice exam #1","https://quizlet.com/818804469/ct-arrt-practice-exam-1-flash-cards/"
"CT ARRT outline - patient care ","https://quizlet.com/843735725/ct-arrt-outline-patient-care-flash-cards/"
"CT REGISTRY REVIEW","https://quizlet.com/250686856/ct-registry-review-flash-cards/"
"CT Anatomy","https://quizlet.com/509284284/ct-anatomy-flash-cards/"
"CT math equations","https://quizlet.com/160072768/ct-math-equations-flash-cards/"
"CT Sectional Anatomy Review","https://quizlet.com/319310284/ct-sectional-anatomy-review-flash-cards/"
"Mosby's CT Registry Review 3rd Edition: Practice Exam Images & Diagrams","https://quizlet.com/404934560/mosbys-ct-registry-review-3rd-edition-practice-exam-images-diagrams-flash-cards/"
"CT Comprehensive Final Exam","https://quizlet.com/60461290/ct-comprehensive-final-exam-flash-cards/"
"CT Registry Equations & Questions","https://quizlet.com/60526090/ct-registry-equations-questions-flash-cards/"
"CT registry","https://quizlet.com/334952148/ct-registry-flash-cards/"
"Mosby's Simulated exam 2-CT","https://quizlet.com/12799521/mosbys-simulated-exam-2-ct-flash-cards/"
"CT-RADIATION EXPOSURE AND MONITORING","https://quizlet.com/137605546/ct-radiation-exposure-and-monitoring-flash-cards/"
"CT Anatomy","https://quizlet.com/319250743/ct-anatomy-flash-cards/"
"Mosby CT Review Exam: Safety","https://quizlet.com/307396961/mosby-ct-review-exam-safety-flash-cards/"
"CT REGISTRY REVIEW","https://quizlet.com/28237505/ct-registry-review-flash-cards/"
"Mosby's Simulated Exam One-CT","https://quizlet.com/12795306/mosbys-simulated-exam-one-ct-flash-cards/"
"ARRT questions","https://quizlet.com/215474857/arrt-questions-flash-cards/"
"CT REGISTRY 1st exam","https://quizlet.com/204756182/ct-registry-1st-exam-flash-cards/"
"CT Sectional Anatomy (Mosby)","https://quizlet.com/414327616/ct-sectional-anatomy-mosby-flash-cards/"
"ARRT review 2","https://quizlet.com/120547838/arrt-review-2-flash-cards/"
"Mosby's CT exam review","https://quizlet.com/263567599/mosbys-ct-exam-review-flash-cards/"
"CT ANATOMY ARRT REGISTRY, CT imaging Procedures Registry review, Final -- Imaging Procedures, CT Head and Neck Procedures, Head and Neck Imaging Procedures, CT REGISTRY REVIEW","https://quizlet.com/775668036/ct-anatomy-arrt-registry-ct-imaging-procedures-registry-review-final-imaging-procedures-ct-head-and-neck-procedures-head-and-neck-imaging-procedures-ct-registry-review-flash-cards/"
"CT anatomy Mosby","https://quizlet.com/690026285/ct-anatomy-mosby-flash-cards/"
"Computed Tomography","https://quizlet.com/187509933/computed-tomography-flash-cards/"
"ARRT radiology exam license","https://quizlet.com/43287334/arrt-radiology-exam-license-flash-cards/"
"CT review, Mosby","https://quizlet.com/145401238/ct-review-mosby-flash-cards/"
"CT Boards","https://quizlet.com/217174112/ct-boards-flash-cards/"
"Ct registry review","https://quizlet.com/250687820/ct-registry-review-flash-cards/"
"Radiation Therapy Mock Exam 1","https://quizlet.com/85498373/radiation-therapy-mock-exam-1-flash-cards/"
"CT Registry Anatomy","https://quizlet.com/60733732/ct-registry-anatomy-flash-cards/"
"CT Comprehensive final part 4","https://quizlet.com/62593795/ct-comprehensive-final-part-4-flash-cards/"
"Electromagnetic Energy Final Study Questions","https://quizlet.com/56696965/electromagnetic-energy-final-study-questions-flash-cards/"
"ARRT registry mock exam 3","https://quizlet.com/42645793/arrt-registry-mock-exam-3-flash-cards/"
"CT boards practice test (Mosby)","https://quizlet.com/198217071/ct-boards-practice-test-mosby-flash-cards/"
"Contrast Media","https://quizlet.com/58550494/contrast-media-flash-cards/"
"ct final exam study guide","https://quizlet.com/61607449/ct-final-exam-study-guide-flash-cards/"
"CT MT 1 - Ch 1 - 5","https://quizlet.com/48796054/ct-mt-1-ch-1-5-flash-cards/"
"CT registry","https://quizlet.com/569278717/ct-registry-flash-cards/"
"2019 ARRT Study Material","https://quizlet.com/364725928/2019-arrt-study-material-flash-cards/"
"Ct boards review","https://quizlet.com/146479517/ct-boards-review-flash-cards/"
"COMPUTED TOMOGRAPHY","https://quizlet.com/15070718/computed-tomography-flash-cards/"
"CT MOSBY ANATOMY REVIEW","https://quizlet.com/418430533/ct-mosby-anatomy-review-flash-cards/"
"Radiation physics CT4","https://quizlet.com/483084360/radiation-physics-ct4-flash-cards/"
"Mosby Chapter 4 - Image Production - Digital Image Acquisition","https://quizlet.com/215040586/mosby-chapter-4-image-production-digital-image-acquisition-flash-cards/"
"Imaging Procedures - CT Scan - Mosby *dk","https://quizlet.com/357487197/imaging-procedures-ct-scan-mosby-dk-flash-cards/"
"IMAGE PROCEDURES ARRT","https://quizlet.com/91062005/image-procedures-arrt-flash-cards/"
"Pathology (CT Abdomen Anatomy)","https://quizlet.com/306369330/pathology-ct-abdomen-anatomy-flash-cards/"
"X-ray interactions - Ch 12","https://quizlet.com/6053369/x-ray-interactions-ch-12-flash-cards/"
"CT Registry Patient Care","https://quizlet.com/kr/166208227/ct-registry-patient-care-flash-cards/"
"Contrast Media in CT","https://quizlet.com/ca/287341788/contrast-media-in-ct-flash-cards/"
"ARRT PREP","https://quizlet.com/408238422/arrt-prep-flash-cards/"
"CT MOSBY REVIEW","https://quizlet.com/475363301/ct-mosby-review-flash-cards/"
"Exam 1 CT Mosbys","https://quizlet.com/451901696/exam-1-ct-mosbys-flash-cards/"
"Mosby #3","https://quizlet.com/359623010/mosby-3-flash-cards/"
"CT Patient Care","https://quizlet.com/142732783/ct-patient-care-flash-cards/"
"CT REGISTRY- STUDY THIS AND YOU'LL PASS!! (excluding anatomy)","https://quizlet.com/319314002/ct-registry-study-this-and-youll-pass-excluding-anatomy-flash-cards/"
"Study guide CT (IMAGE PRODUCTION)","https://quizlet.com/565751223/study-guide-ct-image-production-flash-cards/"
"Thorax and Abdomen","https://quizlet.com/76669028/thorax-and-abdomen-flash-cards/"
"CT REGISTRY REVIEW","https://quizlet.com/kr/138047347/ct-registry-review-flash-cards/"
"Mosby CT Registry Review","https://quizlet.com/308312123/mosby-ct-registry-review-flash-cards/"
"RADIATION SAFETY","https://quizlet.com/300018581/radiation-safety-flash-cards/"
"Mosby CT Review","https://quizlet.com/557763257/mosby-ct-review-flash-cards/"
"Mosby's Simulated Exam One-CT","https://quizlet.com/161805042/mosbys-simulated-exam-one-ct-flash-cards/"
"Mosby CT Registry Review","https://quizlet.com/429206069/mosby-ct-registry-review-flash-cards/"
"CT Test 2 (Mosby 3rd Edition)","https://quizlet.com/410725828/ct-test-2-mosby-3rd-edition-flash-cards/"
"CT review Imaging procedures","https://quizlet.com/264991999/ct-review-imaging-procedures-flash-cards/"
"CT Test 3 (Mosby 3rd Edition)","https://quizlet.com/411839383/ct-test-3-mosby-3rd-edition-flash-cards/"
"CT Cross Sectional Anatomy - Everything","https://quizlet.com/319308994/ct-cross-sectional-anatomy-everything-flash-cards/"
"ARRT Test Prep","https://quizlet.com/274768558/arrt-test-prep-flash-cards/"
"Chapter 6 Microbial Nutrition & Growth","https://quizlet.com/58237359/chapter-6-microbial-nutrition-growth-flash-cards/"
"REGISTRY MOSBY CT EVERYTHING COLLECTIVE","https://quizlet.com/130180472/registry-mosby-ct-everything-collective-flash-cards/"
"Protection Ch 12","https://quizlet.com/31370022/protection-ch-12-flash-cards/"
"Registry Review - Skulls","https://quizlet.com/394529021/registry-review-skulls-flash-cards/"
"CT Registry Image quality","https://quizlet.com/145735353/ct-registry-image-quality-flash-cards/"
"Simulated Exam 3 (Computed Tomography) - Mosby's","https://quizlet.com/191054951/simulated-exam-3-computed-tomography-mosbys-flash-cards/"
"Cranium Anatomy","https://quizlet.com/42447149/cranium-anatomy-flash-cards/"
"CT/ Cross sectional Final Review/ARRT Prep","https://quizlet.com/847747020/ct-cross-sectional-final-reviewarrt-prep-flash-cards/"
"Radiographic Seminar (Selection of Technical Factors)","https://quizlet.com/336017424/radiographic-seminar-selection-of-technical-factors-flash-cards/"
"Radiology - Spine Positioning - Ian","https://quizlet.com/8106601/radiology-spine-positioning-ian-flash-cards/"
"RAD 271 Unit V","https://quizlet.com/40251586/rad-271-unit-v-flash-cards/"
"Computed/digital imaging","https://quizlet.com/4443019/computeddigital-imaging-flash-cards/"
"ARRT- Image Acquisition & Evaluation","https://quizlet.com/146700225/arrt-image-acquisition-evaluation-flash-cards/"
"Mosby Test 1","https://quizlet.com/170200016/mosby-test-1-flash-cards/"
"RAD 122 Ch 18 CT Workbook/Self test","https://quizlet.com/96101007/rad-122-ch-18-ct-workbookself-test-flash-cards/"
"Sectional Anatomy Neck CT","https://quizlet.com/320866599/sectional-anatomy-neck-ct-flash-cards/"
"Radiation Therapy Board Review","https://quizlet.com/289452254/radiation-therapy-board-review-flash-cards/"
"CT ARRT- Procedure, safety, production and patient care ","https://quizlet.com/887035952/ct-arrt-procedure-safety-production-and-patient-care-flash-cards/"
"X-ray interactions","https://quizlet.com/12375446/x-ray-interactions-flash-cards/"
"Computed Tomography ARRT ( Procedures)","https://quizlet.com/363378723/computed-tomography-arrt-procedures-flash-cards/"
"ARRT Prep","https://quizlet.com/216752708/arrt-prep-flash-cards/"
"CT Image Production - Post-course Assessment","https://quizlet.com/885576846/ct-image-production-post-course-assessment-flash-cards/"
"CT Note Cards","https://quizlet.com/158295381/ct-note-cards-flash-cards/"
"CT2","https://quizlet.com/391199566/ct2-flash-cards/"
"Image Acquisition and Evaluation","https://quizlet.com/131326765/image-acquisition-and-evaluation-flash-cards/"
"EQUIPMENT OPERATION AND QUALITY CONTROL ARRT","https://quizlet.com/88380773/equipment-operation-and-quality-control-arrt-flash-cards/"
"Quality Control Radiographic Equipment","https://quizlet.com/36750241/quality-control-radiographic-equipment-flash-cards/"
"MRI Registry Review 2017","https://quizlet.com/234054129/mri-registry-review-2017-flash-cards/"
"Pathology (CT Chest Anatomy)","https://quizlet.com/306369255/pathology-ct-chest-anatomy-flash-cards/"
"FINAL: Cranium, Facial Bones","https://quizlet.com/342396347/final-cranium-facial-bones-flash-cards/"
"ARRT PATIENT CARE REGISTRY","https://quizlet.com/413687804/arrt-patient-care-registry-flash-cards/"
"Image Formation","https://quizlet.com/217844918/image-formation-flash-cards/"
"Mosbys CT Physics and instrumentation","https://quizlet.com/62154066/mosbys-ct-physics-and-instrumentation-flash-cards/"
"Final Anatomy, CT ANATOMY ARRT REGISTRY, CT imaging Procedures Registry review, Final -- Imaging Procedures, CT Head and Neck Procedures, Head and Neck Imaging Procedures, CT REGISTRY REVIEW","https://quizlet.com/775668690/final-anatomy-ct-anatomy-arrt-registry-ct-imaging-procedures-registry-review-final-imaging-procedures-ct-head-and-neck-procedures-head-and-neck-imaging-procedures-ct-registry-review-flash-cards/"
"ARRT Safety-Minimizing Patient Exposure","https://quizlet.com/275982750/arrt-safety-minimizing-patient-exposure-flash-cards/"
"Radiation Safety + Review and Essentials Program Mock Exam","https://quizlet.com/335772859/radiation-safety-review-and-essentials-program-mock-exam-flash-cards/"
"image production","https://quizlet.com/213059391/image-production-flash-cards/"
"CT Slices","https://quizlet.com/416754185/ct-slices-flash-cards/"
"Radiology Exam Review (Appleton/Lange) ARRT","https://quizlet.com/256306842/radiology-exam-review-appletonlange-arrt-flash-cards/"
"Mosby Chapter 3 Safety","https://quizlet.com/212688992/mosby-chapter-3-safety-flash-cards/"
"CT Sectional Anatomy (Mosby)","https://quizlet.com/598790198/ct-sectional-anatomy-mosby-flash-cards/"
"RADIATION THERAPY MOCK REVIEW QUESTIONS","https://quizlet.com/261275704/radiation-therapy-mock-review-questions-flash-cards/"
"CT Procedures","https://quizlet.com/262331470/ct-procedures-flash-cards/"
"Computed Tomography Anatomy","https://quizlet.com/489357914/computed-tomography-anatomy-flash-cards/"
"CT registry- image production","https://quizlet.com/303888125/ct-registry-image-production-flash-cards/"
"Computed Tomography ARRT (patient interaction/management)","https://quizlet.com/362695377/computed-tomography-arrt-patient-interactionmanagement-flash-cards/"
"Computed tomography","https://quizlet.com/au/209203035/computed-tomography-flash-cards/"