"National Board Images","https://quizlet.com/596460636/national-board-images-flash-cards/",125
"Lab Practical 1","https://quizlet.com/144796867/lab-practical-1-flash-cards/",203
"CSCE Dental Hygiene","https://quizlet.com/693359781/csce-dental-hygiene-flash-cards/",522
"HESI Community + Provision","https://quizlet.com/580586124/hesi-community-provision-flash-cards/",28
"Mosby's NBDHE: Community Health and Research principles","https://quizlet.com/791999190/mosbys-nbdhe-community-health-and-research-principles-flash-cards/",69
"HESI- scientific basis","https://quizlet.com/508649821/hesi-scientific-basis-flash-cards/",60
"Dental hygiene oral/dental anatomy national board","https://quizlet.com/593405831/dental-hygiene-oraldental-anatomy-national-board-flash-cards/",103
"Board Questions","https://quizlet.com/304705686/board-questions-flash-cards/",194
"final exam 2","https://quizlet.com/61472136/final-exam-2-flash-cards/",61
"NBDHE Pharmacology","https://quizlet.com/179929969/nbdhe-pharmacology-flash-cards/",264
"Ethics Ch 7","https://quizlet.com/405528939/ethics-ch-7-flash-cards/",29
"NBDHE Head and Neck Anatomy and Physiology - 4","https://quizlet.com/362965369/nbdhe-head-and-neck-anatomy-and-physiology-4-flash-cards/",82
"Mosby's 7th - Community Oral Health Planning and Practice","https://quizlet.com/584383908/mosbys-7th-community-oral-health-planning-and-practice-flash-cards/",50
"Dental Anatomy Board Review","https://quizlet.com/26637435/dental-anatomy-board-review-flash-cards/",130
"Boards: Radiography May 2020","https://quizlet.com/510133172/boards-radiography-may-2020-flash-cards/",67
"NBDHE Community Oral Health Planning and Practice - 20","https://quizlet.com/770776092/nbdhe-community-oral-health-planning-and-practice-20-flash-cards/",57
"Chapter 04: Social Responsibility","https://quizlet.com/504490290/chapter-04-social-responsibility-flash-cards/",14
"hesi comprehensive 2 provisions","https://quizlet.com/281508509/hesi-comprehensive-2-provisions-flash-cards/",162
"Dental Hygiene Board Review - Mock Board","https://quizlet.com/366728471/dental-hygiene-board-review-mock-board-flash-cards/",167
"Mock Boards","https://quizlet.com/569751202/mock-boards-flash-cards/",150
"CDCA Review","https://quizlet.com/497246245/cdca-review-flash-cards/",460
"DH Seminar practice questions","https://quizlet.com/502440526/dh-seminar-practice-questions-flash-cards/",501
"Board review","https://quizlet.com/179185468/board-review-flash-cards/",414
"REVIEW FOR NBDHE - PHARM","https://quizlet.com/103920034/review-for-nbdhe-pharm-flash-cards/",129
"HESI Comprehensive V2","https://quizlet.com/629146149/hesi-comprehensive-v2-flash-cards/",104
"Darbys Review Questions","https://quizlet.com/281724929/darbys-review-questions-flash-cards/",983
"NBDHE Periodontal Instrumentation for Assessment and Care - 17","https://quizlet.com/364509481/nbdhe-periodontal-instrumentation-for-assessment-and-care-17-flash-cards/",50
"HESI Board Practice","https://quizlet.com/182441099/hesi-board-practice-flash-cards/",58
"Dental Materials Review Questions","https://quizlet.com/252921013/dental-materials-review-questions-flash-cards/",236
"NBDHE - Nutrition","https://quizlet.com/195495379/nbdhe-nutrition-flash-cards/",93
"MOSBY","https://quizlet.com/578533042/mosby-flash-cards/",401
"Provisions Hesi practice test","https://quizlet.com/484615755/provisions-hesi-practice-test-flash-cards/",115
"Mosby's Review Chapter 15: Dental Hygiene Process of Care","https://quizlet.com/391256411/mosbys-review-chapter-15-dental-hygiene-process-of-care-flash-cards/",38
"NBDHE 2023 :)","https://quizlet.com/853376172/nbdhe-2023-flash-cards/",451
"Nutrition and diet therapy chapter 8: Minerals","https://quizlet.com/423003529/nutrition-and-diet-therapy-chapter-8-minerals-flash-cards/",93
"GV Blacks Classification","https://quizlet.com/506040823/gv-blacks-classification-flash-cards/",12
"DH Mock Board Review","https://quizlet.com/508323866/dh-mock-board-review-flash-cards/",200
"Chapter 14 Periodontics Review","https://quizlet.com/565996210/chapter-14-periodontics-review-flash-cards/",52
"Darby - Chapter 17: Oral Hygiene Assessment Soft and Hard Deposits","https://quizlet.com/93050509/darby-chapter-17-oral-hygiene-assessment-soft-and-hard-deposits-flash-cards/",50
"chapter 15 &16","https://quizlet.com/489641069/chapter-15-16-flash-cards/",101
"Dental Hygiene Final","https://quizlet.com/173700981/dental-hygiene-final-flash-cards/",317
"Dental Hygiene Practice Final Review","https://quizlet.com/62336091/dental-hygiene-practice-final-review-flash-cards/",109
"NBDHE Review (Oral Pathology)","https://quizlet.com/121346140/nbdhe-review-oral-pathology-flash-cards/",103
"HESI Practice Test V2","https://quizlet.com/667681562/hesi-practice-test-v2-flash-cards/",200
"NBDHE Nutrition","https://quizlet.com/171074524/nbdhe-nutrition-flash-cards/",215
"Process of Care 1","https://quizlet.com/591965278/process-of-care-1-flash-cards/",30
"Saunders questions","https://quizlet.com/385992745/saunders-questions-flash-cards/",345
"DH SEMINAR QUESTIONS","https://quizlet.com/518119995/dh-seminar-questions-flash-cards/",104
"OSCE and NBDHE","https://quizlet.com/918913646/osce-and-nbdhe-flash-cards/",1008
"National Board Review_Anatomic Sciences","https://quizlet.com/190508857/national-board-review_anatomic-sciences-flash-cards/",98
"law and ethics in dental hygiene","https://quizlet.com/19949849/law-and-ethics-in-dental-hygiene-flash-cards/",65
"Histology and Embryology Dental Hygiene Boards","https://quizlet.com/12336284/histology-and-embryology-dental-hygiene-boards-flash-cards/",17
"law and ethics in dental hygiene","https://quizlet.com/254762478/law-and-ethics-in-dental-hygiene-flash-cards/",65
"Perio Test #2","https://quizlet.com/216905000/perio-test-2-flash-cards/",100
"NBDHE LOCAL ANESTHESIA","https://quizlet.com/779716766/nbdhe-local-anesthesia-flash-cards/",40
"HESI Dental Hygiene Exam","https://quizlet.com/681428219/hesi-dental-hygiene-exam-flash-cards/",403
"Chapter 22: Dental Stains and Discolorations, Ch. 23: Indices and Scoring Methods","https://quizlet.com/206237220/chapter-22-dental-stains-and-discolorations-ch-23-indices-and-scoring-methods-flash-cards/",87
"NBDHE Dental Hygiene Care for Clients with Special Care Needs - 19","https://quizlet.com/366004237/nbdhe-dental-hygiene-care-for-clients-with-special-care-needs-19-flash-cards/",52
"NBDHE questions- ( exact)","https://quizlet.com/883882054/nbdhe-questions-exact-flash-cards/",239
"Radiology lab final slides","https://quizlet.com/344477059/radiology-lab-final-slides-flash-cards/",97
"Mosby's Review","https://quizlet.com/199661338/mosbys-review-flash-cards/",200
"remembered questions - pharm '23","https://quizlet.com/796630964/remembered-questions-pharm-23-flash-cards/",29
"Dental Hygiene National Board Oral Pathology","https://quizlet.com/132276049/dental-hygiene-national-board-oral-pathology-flash-cards/",241
"tooth Morphology","https://quizlet.com/76505897/tooth-morphology-flash-cards/",73
"Darby Quiz 1","https://quizlet.com/486342076/darby-quiz-1-flash-cards/",50
"National Boards Dental Hygiene Exam 2020","https://quizlet.com/502693536/national-boards-dental-hygiene-exam-2020-flash-cards/",72
"ATDH Biology","https://quizlet.com/616995585/atdh-biology-flash-cards/",197
"NBDHE SHORT VERSION MOST COMMON ?S PT.2","https://quizlet.com/853362766/nbdhe-short-version-most-common-s-pt2-flash-cards/",169
"Oral/dental anatomy NBDHE","https://quizlet.com/127830296/oraldental-anatomy-nbdhe-flash-cards/",180
"Clinical DH/FL2 practice questions","https://quizlet.com/299136108/clinical-dhfl2-practice-questions-flash-cards/",25
"NBDHE Review (Oral/Dental Anatomy)","https://quizlet.com/119892775/nbdhe-review-oraldental-anatomy-flash-cards/",115
"Office Practice and Ethics - Chapter 4 - Ethical Decision Making","https://quizlet.com/20843734/office-practice-and-ethics-chapter-4-ethical-decision-making-flash-cards/",35
"DHNB Practice","https://quizlet.com/560590499/dhnb-practice-flash-cards/",120
"SRDH: Pharmacology Review","https://quizlet.com/513722673/srdh-pharmacology-review-flash-cards/",64
"NBDHE Pharm","https://quizlet.com/94487711/nbdhe-pharm-flash-cards/",72
"NBDHE- Microbiology","https://quizlet.com/196844248/nbdhe-microbiology-flash-cards/",83
"Errors on dental xrays","https://quizlet.com/539304203/errors-on-dental-xrays-flash-cards/",23
"Board Review Practice Questions - Midterm","https://quizlet.com/601843549/board-review-practice-questions-midterm-flash-cards/",149
"Mock Board","https://quizlet.com/568652496/mock-board-flash-cards/",318
"Comprehensive dental hygiene version one hesi","https://quizlet.com/488308488/comprehensive-dental-hygiene-version-one-hesi-flash-cards/",16
"NBDHE Microbiology and Immunology","https://quizlet.com/136498343/nbdhe-microbiology-and-immunology-flash-cards/",179
"Darby Questions: Mock Exam One","https://quizlet.com/379848758/darby-questions-mock-exam-one-flash-cards/",69
"Mosby's Review Ch. 11 Pharmacology","https://quizlet.com/381770125/mosbys-review-ch-11-pharmacology-flash-cards/",50
"Anatomy Practical 2","https://quizlet.com/544826270/anatomy-practical-2-flash-cards/",414
"Assessing Patient Characteristics (NBDHE)","https://quizlet.com/414818107/assessing-patient-characteristics-nbdhe-flash-cards/",97
"(Wilkins) Dental Hygiene - Final","https://quizlet.com/349238659/wilkins-dental-hygiene-final-flash-cards/",356
"Mock board ? #3","https://quizlet.com/567842603/mock-board-3-flash-cards/",264
"hesi comprehensive 2 provisions","https://quizlet.com/570306538/hesi-comprehensive-2-provisions-flash-cards/",162
"NBDHE Oral and Maxillofacial Radiology - 6","https://quizlet.com/363193743/nbdhe-oral-and-maxillofacial-radiology-6-flash-cards/",50
"National Board Review (NBDHE): Pharmacology","https://quizlet.com/127274755/national-board-review-nbdhe-pharmacology-flash-cards/",145
"Dental Hygiene National Board Review Released Questions- FLUORIDE","https://quizlet.com/389093166/dental-hygiene-national-board-review-released-questions-fluoride-flash-cards/",45
"Mock Board 2","https://quizlet.com/570057418/mock-board-2-flash-cards/",148
"Dental Hygiene - Drugs","https://quizlet.com/ca/513059825/dental-hygiene-drugs-flash-cards/",42
"National Board Review: Clinical Dental Hygiene","https://quizlet.com/149189211/national-board-review-clinical-dental-hygiene-flash-cards/",43
"StudentRDH Community","https://quizlet.com/683447170/studentrdh-community-flash-cards/",164
"Dental Materials Chapter 4","https://quizlet.com/129448697/dental-materials-chapter-4-flash-cards/",16
"CH. 7 Darby General Pathology","https://quizlet.com/617894915/ch-7-darby-general-pathology-flash-cards/",50
"NBDHE Questions- Case Studies","https://quizlet.com/917787428/nbdhe-questions-case-studies-flash-cards/",69
"Community health and research principles practice test","https://quizlet.com/503682235/community-health-and-research-principles-practice-test-flash-cards/",18
"Clinic Theory III Midterm","https://quizlet.com/ca/630147833/clinic-theory-iii-midterm-flash-cards/",66
"Practice test","https://quizlet.com/ae/874385417/practice-test-flash-cards/",137
"NDHBE Qs","https://quizlet.com/ca/817501784/ndhbe-qs-flash-cards/",144
"hesi comprehensive 2 scientific base","https://quizlet.com/579295326/hesi-comprehensive-2-scientific-base-flash-cards/",88
"hesi comprehensive 2 community","https://quizlet.com/281524809/hesi-comprehensive-2-community-flash-cards/",26
"Dental Hygiene Seminar: Professor Test Prep #1","https://quizlet.com/482133167/dental-hygiene-seminar-professor-test-prep-1-flash-cards/",31
"remembered questions - nutrition '23","https://quizlet.com/796584848/remembered-questions-nutrition-23-flash-cards/",9
"1260 Radiography Lab Practical #1","https://quizlet.com/497383065/1260-radiography-lab-practical-1-flash-cards/",31
"Darby Mock Board #3","https://quizlet.com/674100618/darby-mock-board-3-flash-cards/",147
"Practice test","https://quizlet.com/779605719/practice-test-flash-cards/",138
"NBDHE Clinical Oral Structures, Dental Anatomy, and Root Morphology - 5","https://quizlet.com/363181985/nbdhe-clinical-oral-structures-dental-anatomy-and-root-morphology-5-flash-cards/",50
"Anatomy in Dental Radiography","https://quizlet.com/582494225/anatomy-in-dental-radiography-flash-cards/",48
"dental hygiene board--Periodontics, Pharmacology","https://quizlet.com/10432767/dental-hygiene-board-periodontics-pharmacology-flash-cards/",115
"Boards","https://quizlet.com/190534884/boards-flash-cards/",160
"Community practice testlets","https://quizlet.com/539309954/community-practice-testlets-flash-cards/",50
"Chapter 20: Community Oral Health Planning and Practice","https://quizlet.com/ca/789819768/chapter-20-community-oral-health-planning-and-practice-flash-cards/",56
"HESI Case Study One","https://quizlet.com/815829831/hesi-case-study-one-flash-cards/",15
"NDHBE Practice Questions Based on Darby's 9th Edition Comprehensive Review of Dental Hygiene Textbook","https://quizlet.com/ca/874359171/ndhbe-practice-questions-based-on-darbys-9th-edition-comprehensive-review-of-dental-hygiene-textbook-flash-cards/",34
"DHS Chapter Practice Questions","https://quizlet.com/578317390/dhs-chapter-practice-questions-flash-cards/",287
"Mosby's Dental hygiene board review","https://quizlet.com/679180871/mosbys-dental-hygiene-board-review-flash-cards/",947
"Radiology NBDHE Prep","https://quizlet.com/662800428/radiology-nbdhe-prep-flash-cards/",43
"remembered questions - micro '23","https://quizlet.com/796568270/remembered-questions-micro-23-flash-cards/",24
"Sickle Scaler, Universal & Area Specific Curet and Instrument Sharpening","https://quizlet.com/57782372/sickle-scaler-universal-area-specific-curet-and-instrument-sharpening-flash-cards/",55
"Planning and Managing Dental Hygiene Care (NBDHE)","https://quizlet.com/415838435/planning-and-managing-dental-hygiene-care-nbdhe-flash-cards/",206
"Local Anesthetic Final/Board Study Guide","https://quizlet.com/99140117/local-anesthetic-finalboard-study-guide-flash-cards/",113
"Dental Hygiene National Board","https://quizlet.com/279488885/dental-hygiene-national-board-flash-cards/",210
"Dental Materials","https://quizlet.com/503072295/dental-materials-flash-cards/",35
"remembered questions - dental materials '23","https://quizlet.com/796580358/remembered-questions-dental-materials-23-flash-cards/",16
"Ch. 12 - Mosby's 7th - Biochemistry, Nutrition, and Nutritional Counseling","https://quizlet.com/259614777/ch-12-mosbys-7th-biochemistry-nutrition-and-nutritional-counseling-flash-cards/",50
"Practical 1 Study Set","https://quizlet.com/144769778/practical-1-study-set-flash-cards/",199
"Ch. 2 - Mosby's 7th - Histology and Embryology","https://quizlet.com/240359936/ch-2-mosbys-7th-histology-and-embryology-flash-cards/",50
"HESI Dental Hygiene Practice Test - Classic Version 1","https://quizlet.com/776253352/hesi-dental-hygiene-practice-test-classic-version-1-flash-cards/",200
"planning and managing dental hygiene care","https://quizlet.com/531491891/planning-and-managing-dental-hygiene-care-flash-cards/",193
"DH Seminar Mock Board Practice","https://quizlet.com/514683077/dh-seminar-mock-board-practice-flash-cards/",101
"Dental Hygiene Practice HESI","https://quizlet.com/785041624/dental-hygiene-practice-hesi-flash-cards/",259
"anatomic sciences","https://quizlet.com/482809966/anatomic-sciences-flash-cards/",98
"Mnemonics","https://quizlet.com/599712060/mnemonics-flash-cards/",36
"student RDH Pharm and Path","https://quizlet.com/676709684/student-rdh-pharm-and-path-flash-cards/",324
"Darby's Comprehensive Review of Dental Hygiene","https://quizlet.com/685704058/darbys-comprehensive-review-of-dental-hygiene-flash-cards/",105
"Dental Hygiene National Board","https://quizlet.com/22553669/dental-hygiene-national-board-flash-cards/",184
"Laws Exam Practice","https://quizlet.com/867459523/laws-exam-practice-flash-cards/",140
"Board review from NBDHE part 1","https://quizlet.com/801995636/board-review-from-nbdhe-part-1-flash-cards/",150
"National board examination questions","https://quizlet.com/217016746/national-board-examination-questions-flash-cards/",50
"BOARDS: Nutrition Board Review","https://quizlet.com/139418541/boards-nutrition-board-review-flash-cards/",123
"Dental Hygiene National Board Microbiology & Immunology","https://quizlet.com/132275178/dental-hygiene-national-board-microbiology-immunology-flash-cards/",221
"Office Practice and Ethics - Chapter 1 - Introduction to moral philosophy & moral reasoning","https://quizlet.com/18694373/office-practice-and-ethics-chapter-1-introduction-to-moral-philosophy-moral-reasoning-flash-cards/",53
"Local anesthetic lab exam","https://quizlet.com/603287648/local-anesthetic-lab-exam-flash-cards/",89
"Dental Hygiene Board Ethics Review","https://quizlet.com/86780044/dental-hygiene-board-ethics-review-flash-cards/",25
"Case Study Three","https://quizlet.com/639870420/case-study-three-flash-cards/",15
"NBDHE review questions: Head and Neck","https://quizlet.com/750119139/nbdhe-review-questions-head-and-neck-flash-cards/",182
"Mock Board Practice","https://quizlet.com/514033187/mock-board-practice-flash-cards/",93
"Dental Materials practice test","https://quizlet.com/503671912/dental-materials-practice-test-flash-cards/",18
"Pharma: Darby Sim #1","https://quizlet.com/659555297/pharma-darby-sim-1-flash-cards/",40
"Computerized Board: Radio","https://quizlet.com/379382682/computerized-board-radio-flash-cards/",39
"NBDHE 2022","https://quizlet.com/791312588/nbdhe-2022-flash-cards/",1718
"Dental care Case Studies practice","https://quizlet.com/513740312/dental-care-case-studies-practice-flash-cards/",120
"chapter 27 in Wilkins","https://quizlet.com/94130622/chapter-27-in-wilkins-flash-cards/",26
"Ethics NBDHE Board Review","https://quizlet.com/790929296/ethics-nbdhe-board-review-flash-cards/",77
"Mosby's NDHBE Practice 1","https://quizlet.com/280431225/mosbys-ndhbe-practice-1-flash-cards/",200
"BOARDS: ORAL & DENTAL ANATOMY","https://quizlet.com/137246401/boards-oral-dental-anatomy-flash-cards/",236
"SIMULATED DENTAL HYGIENE BOARD EXAM: TEST 3","https://quizlet.com/412079964/simulated-dental-hygiene-board-exam-test-3-flash-cards/",356
"EBDM final practice","https://quizlet.com/589591427/ebdm-final-practice-flash-cards/",40
"NBDHE Community","https://quizlet.com/784833865/nbdhe-community-flash-cards/",57
"Darby Practice Board Review #2","https://quizlet.com/726740594/darby-practice-board-review-2-flash-cards/",73
"DHY 1281 - Lab Exam 2 / Lecture Exam 3 (Case Studies)","https://quizlet.com/683948954/dhy-1281-lab-exam-2-lecture-exam-3-case-studies-flash-cards/",462
"NBDHE Dental Hygiene Process of Care - 15","https://quizlet.com/364472862/nbdhe-dental-hygiene-process-of-care-15-flash-cards/",51
"Ch. 8 - Mosby's 7th - Oral Pathology","https://quizlet.com/240944535/ch-8-mosbys-7th-oral-pathology-flash-cards/",76
"TESTS.COM Scientific Basis for Dental Hygiene Practice","https://quizlet.com/ca/635081820/testscom-scientific-basis-for-dental-hygiene-practice-flash-cards/",51
"NHB perio review","https://quizlet.com/4511818/nhb-perio-review-flash-cards/",55
"Dental Hygiene Board Review","https://quizlet.com/406856555/dental-hygiene-board-review-flash-cards/",1853
"Radiography Boards review","https://quizlet.com/560039958/radiography-boards-review-flash-cards/",253
"NDHBE Practice Questions","https://quizlet.com/767215252/ndhbe-practice-questions-flash-cards/",27
"Chapter 12: Enamel Practice Quiz","https://quizlet.com/571432370/chapter-12-enamel-practice-quiz-flash-cards/",24
"HESI- scientific basis","https://quizlet.com/128426916/hesi-scientific-basis-flash-cards/",60
"NDBHE: PEOPLE RECOMMEND ON FACEBOOK!!","https://quizlet.com/710023576/ndbhe-people-recommend-on-facebook-flash-cards/",200
"Community Practice Questions","https://quizlet.com/273393001/community-practice-questions-flash-cards/",10
"NBDHE Biochemistry, Nutrition and Nutritional Counseling - 12","https://quizlet.com/364067348/nbdhe-biochemistry-nutrition-and-nutritional-counseling-12-flash-cards/",43
"Dental Hygiene Practice HESI","https://quizlet.com/867628933/dental-hygiene-practice-hesi-flash-cards/",259
"Pharmacology quiz","https://quizlet.com/503965037/pharmacology-quiz-flash-cards/",23
"Practice Board Exam Questions","https://quizlet.com/765085487/practice-board-exam-questions-flash-cards/",49
"Darby's DH Simulated Exam #4","https://quizlet.com/781514195/darbys-dh-simulated-exam-4-flash-cards/",350
"Biochemistry and Nutrition Quiz","https://quizlet.com/503035995/biochemistry-and-nutrition-quiz-flash-cards/",20
"BOARDS: Microbiology Board Review","https://quizlet.com/139419239/boards-microbiology-board-review-flash-cards/",122
"Dental Hygiene Board Review","https://quizlet.com/156777396/dental-hygiene-board-review-flash-cards/",1644
"Instrumentation Boards Review","https://quizlet.com/661013579/instrumentation-boards-review-flash-cards/",271
"Dental Hygiene National Board","https://quizlet.com/487286722/dental-hygiene-national-board-flash-cards/",210
"Dental Hygiene National Board","https://quizlet.com/132276653/dental-hygiene-national-board-flash-cards/",221
"Practice Questions I got wrong","https://quizlet.com/915646815/practice-questions-i-got-wrong-flash-cards/",100
"Scientific Basis for Dental Hygiene Practice","https://quizlet.com/610365985/scientific-basis-for-dental-hygiene-practice-flash-cards/",59
"periodontology Quiz","https://quizlet.com/503941453/periodontology-quiz-flash-cards/",32
"Ch. 9 - Mosby's 7th - Microbiology and Immunology","https://quizlet.com/258016746/ch-9-mosbys-7th-microbiology-and-immunology-flash-cards/",49
"Mock Board Review: Part A","https://quizlet.com/530971124/mock-board-review-part-a-flash-cards/",180
"NBDHE possible questions","https://quizlet.com/883881739/nbdhe-possible-questions-flash-cards/",404
"Incorrect Practice Questions Review:","https://quizlet.com/853378658/incorrect-practice-questions-review-flash-cards/",245
"pharm practice questions","https://quizlet.com/788112154/pharm-practice-questions-flash-cards/",20
"Dental Hygiene National Board Pharmacology","https://quizlet.com/132276341/dental-hygiene-national-board-pharmacology-flash-cards/",207
"Radiology quiz","https://quizlet.com/503435486/radiology-quiz-flash-cards/",20
"Pharmacology (NBDH)","https://quizlet.com/414709497/pharmacology-nbdh-flash-cards/",81
"BOARDS: COMMUNITY DENTAL HEALTH","https://quizlet.com/136467323/boards-community-dental-health-flash-cards/",267
"Radiography anatomy","https://quizlet.com/574446263/radiography-anatomy-flash-cards/",74
"Dental Hygiene Board Review","https://quizlet.com/194759409/dental-hygiene-board-review-flash-cards/",1644
"Ch. 7 - Mosby's 7th - General Pathology","https://quizlet.com/240591538/ch-7-mosbys-7th-general-pathology-flash-cards/",50
"Ethics/Professional Responsibility","https://quizlet.com/518404434/ethicsprofessional-responsibility-flash-cards/",91
"Ch. 3 - Mosby's 7th - Anatomy and Physiology","https://quizlet.com/240383754/ch-3-mosbys-7th-anatomy-and-physiology-flash-cards/",50
"WREB Manikin Clinical Practice Questions","https://quizlet.com/788397374/wreb-manikin-clinical-practice-questions-flash-cards/",38
"Community","https://quizlet.com/659300828/community-flash-cards/",84
"Scientific Basis Questions 2","https://quizlet.com/259465566/scientific-basis-questions-2-flash-cards/",100
"NERB & NBDE II Images","https://quizlet.com/39740557/nerb-nbde-ii-images-flash-cards/",43
"Mock exam studentRDH","https://quizlet.com/551790220/mock-exam-studentrdh-flash-cards/",63
"Exam 1 Wilkins Practice Questions","https://quizlet.com/601551331/exam-1-wilkins-practice-questions-flash-cards/",38
"Process of Care 3","https://quizlet.com/591974086/process-of-care-3-flash-cards/",30
"HESI V1 Scientific Basis","https://quizlet.com/564059645/hesi-v1-scientific-basis-flash-cards/",128
"Dental Hygiene Board Review 2019","https://quizlet.com/478023661/dental-hygiene-board-review-2019-flash-cards/",1770
"Ch. 6 - Mosby's 7th - Oral and Maxillofacial Radiology","https://quizlet.com/240452251/ch-6-mosbys-7th-oral-and-maxillofacial-radiology-flash-cards/",50
"anatomy practice questions","https://quizlet.com/775920844/anatomy-practice-questions-flash-cards/",20
"Board Review Midterm Study Guide","https://quizlet.com/731998311/board-review-midterm-study-guide-flash-cards/",94
"Chapter 11: Head and Neck Structures Practice Quiz","https://quizlet.com/571435572/chapter-11-head-and-neck-structures-practice-quiz-flash-cards/",27
"Perio, Radiology and Planning Care Exam mock board","https://quizlet.com/534004579/perio-radiology-and-planning-care-exam-mock-board-flash-cards/",44
"Unit 1: Head & Neck Anatomy ID Practice","https://quizlet.com/796518361/unit-1-head-neck-anatomy-id-practice-flash-cards/",52
"Planning and Managing Dental Hygiene Care","https://quizlet.com/601678240/planning-and-managing-dental-hygiene-care-flash-cards/",91
"SIMULATED DENTAL HYGIENE BOARD EXAM: TEST 3","https://quizlet.com/594057614/simulated-dental-hygiene-board-exam-test-3-flash-cards/",356
"Pharmacology Board Practice","https://quizlet.com/912329586/pharmacology-board-practice-flash-cards/",65
"Chap. 3 Q's: 2021 DH Seminars Board Review Book 29th Edition","https://quizlet.com/558687739/chap-3-qs-2021-dh-seminars-board-review-book-29th-edition-flash-cards/",10
"Practice Questions","https://quizlet.com/722697619/practice-questions-flash-cards/",27
"Mosby's Review Chapter 13 Biomaterials","https://quizlet.com/385024930/mosbys-review-chapter-13-biomaterials-flash-cards/",90
"Classification of Carious Lesions, Occlusion, Abnormalities","https://quizlet.com/601317872/classification-of-carious-lesions-occlusion-abnormalities-flash-cards/",66
"Ethics Exam 1","https://quizlet.com/881461868/ethics-exam-1-flash-cards/",29
"Boards- Anatomy- Practice Questions","https://quizlet.com/805205545/boards-anatomy-practice-questions-flash-cards/",40
"Fluorides","https://quizlet.com/601452625/fluorides-flash-cards/",25
"NBDHE SHORT VERSION MOST COMMON QUESTIONS","https://quizlet.com/796515275/nbdhe-short-version-most-common-questions-flash-cards/",350
"Dental Hygiene Board Review 2022","https://quizlet.com/745683814/dental-hygiene-board-review-2022-flash-cards/",236
"NBDHE hahahahha","https://quizlet.com/801577846/nbdhe-hahahahha-flash-cards/",530
"special needs practice questions","https://quizlet.com/777145217/special-needs-practice-questions-flash-cards/",10
"Boards- Pharm- Practice Questions","https://quizlet.com/803048013/boards-pharm-practice-questions-flash-cards/",42
"Boards- Nutrition- Practice Questions","https://quizlet.com/803721220/boards-nutrition-practice-questions-flash-cards/",40
"studentrdh ORAL PATHOLOGY","https://quizlet.com/ca/735217554/studentrdh-oral-pathology-flash-cards/",279
"Mosby Review Ch. 9 Microbiology and Immunology","https://quizlet.com/381581640/mosby-review-ch-9-microbiology-and-immunology-flash-cards/",45
"Darby's Comp. Review of Dental Hygiene Board Questions","https://quizlet.com/719718766/darbys-comp-review-of-dental-hygiene-board-questions-flash-cards/",183
"ARDH: Anatomic Section practice questions","https://quizlet.com/777967225/ardh-anatomic-section-practice-questions-flash-cards/",40
"HESI Exit Exam","https://quizlet.com/874577795/hesi-exit-exam-flash-cards/",168
"dental materials practice questions","https://quizlet.com/788782768/dental-materials-practice-questions-flash-cards/",15
"DM - NBDHE Questions","https://quizlet.com/912005410/dm-nbdhe-questions-flash-cards/",90
"NBDHE Evolve Week 2","https://quizlet.com/824282244/nbdhe-evolve-week-2-flash-cards/",90
"DN - NBDHE Nutrition (1)","https://quizlet.com/912013162/dn-nbdhe-nutrition-1-flash-cards/",241
"micro practice questions","https://quizlet.com/783496322/micro-practice-questions-flash-cards/",15
"Boards- Supportive Tx- Practice Questions","https://quizlet.com/804535701/boards-supportive-tx-practice-questions-flash-cards/",40
"Boards- Path- Practice Questions","https://quizlet.com/801215950/boards-path-practice-questions-flash-cards/",50
"HESI- NBDHE REVIEW*","https://quizlet.com/879832621/hesi-nbdhe-review-flash-cards/",194
"Boards- Community- Practice Questions","https://quizlet.com/803404370/boards-community-practice-questions-flash-cards/",45
"Boards- Perio- Practice Questions","https://quizlet.com/804660846/boards-perio-practice-questions-flash-cards/",40
"Boards- Perio- Practice Questions","https://quizlet.com/759021123/boards-perio-practice-questions-flash-cards/",40
"Boards- Microbiology- Practice Questions","https://quizlet.com/805216289/boards-microbiology-practice-questions-flash-cards/",38
"Boards- Rad- Practice Questions","https://quizlet.com/800850676/boards-rad-practice-questions-flash-cards/",35
"Boards- DH- Clinical Practice- Practice Questions","https://quizlet.com/803620439/boards-dh-clinical-practice-practice-questions-flash-cards/",40
"Boards-DH- Compromised Pts- Practice Questions","https://quizlet.com/803611836/boards-dh-compromised-pts-practice-questions-flash-cards/",36
"Pharmacology Boards Review Practice Questions","https://quizlet.com/867288259/pharmacology-boards-review-practice-questions-flash-cards/",43
"Boards- Professional Responsibility- Practice Questions","https://quizlet.com/804664416/boards-professional-responsibility-practice-questions-flash-cards/",40
"Similar Board questions","https://quizlet.com/883881863/similar-board-questions-flash-cards/",93
"Boards Ethics Q's ","https://quizlet.com/850571759/boards-ethics-qs-flash-cards/",17
"Community Dental Health - practice questions","https://quizlet.com/770575070/community-dental-health-practice-questions-flash-cards/",25
"Additional Practice Questions from Winter Summit 2024 (Student RDH)","https://quizlet.com/867588721/additional-practice-questions-from-winter-summit-2024-student-rdh-flash-cards/",29
"Cranial Nerves","https://quizlet.com/712975360/cranial-nerves-flash-cards/",12
"HESI Board Practice","https://quizlet.com/878085144/hesi-board-practice-flash-cards/",58
"HESI Comprehensive V2","https://quizlet.com/878035229/hesi-comprehensive-v2-flash-cards/",104
"HCP 2","https://quizlet.com/877215985/hcp-2-flash-cards/",162
"H P 2","https://quizlet.com/877218530/h-p-2-flash-cards/",116
"Boards Review hesi","https://quizlet.com/879839795/boards-review-hesi-flash-cards/",185
"HESI Dental Hygiene Exam ","https://quizlet.com/879839607/hesi-dental-hygiene-exam-flash-cards/",200
"HESI Community + Provision + Scientific Basis","https://quizlet.com/874578550/hesi-community-provision-scientific-basis-flash-cards/",204
"HESI 2- Scientific Basis","https://quizlet.com/874578897/hesi-2-scientific-basis-flash-cards/",60
